CODIGO;UF;COD_MUNICIPIO;NOME_MUNICIPIO;COD_UNIDADE;NOME_UNIDADE;ENDERECO;REGIAO;latitude;longitude;leitos;qtd_infectados
450;280010;SE;Amparo de São Francisco;2420155;POSTO DE SAUDE DA FAMILIA DE AMPARO;RUA DEP MARTINHO GUIMARAES - S/N;CENTRO;-10.134;-36.93;29;9
462;280010;SE;Amparo de São Francisco;7009615;CLINICA DE SAUDE DE AMPARO DE SAO FRANCISCO;AVENIDA ABRAAO FREIRE - S/N;CENTRO;-10.16602;-36.93465;11;1
58;280020;SE;Aquidabã;2422662;USF SACO DE AREIA;POVOADO SACO DE AREIA - S/N;ZONA RURAL;-10.29251;-37.02218;9;16
90;280020;SE;Aquidabã;2422689;USF GETULIO VARGAS;AVENIDA GETULIO VARGAS - S/N;CENTRO;-10.29251;-37.02218;30;59
97;280020;SE;Aquidabã;2422689;USF GETULIO VARGAS;AVENIDA GETULIO VARGAS - S/N;CENTRO;-10.29251;-37.02218;2;2
119;280020;SE;Aquidabã;2422670;USF MANOEL DOS SANTOS RAMOS ODONIO;AVENIDA MARCELO DEDA - S/N;VULCAO;-10.29251;-37.02218;11;6
150;280020;SE;Aquidabã;2422654;USF MARIA HILDA FERREIRA;RODOVIA GOVERNADOR VALADARES - S/N;JOAO ALVES;-10.29251;-37.02218;18;19
5;280030;SE;Aracaju;2526;US FRANCISCO FONSECA DEZOITO DO FORTE;AV ALVARO MARCIEL - 296;DEZOITE DE FORTE;-10.89602;-37.06284;15;27
29;280030;SE;Aracaju;3425;US JOAO BEZERRA AREIA BRANCA;ROD JOAO ALVES BEZERRA - S/N;AREIA BRANCA;-11.09281;-37.12453;5;0
120;280030;SE;Aracaju;3603;US EUNICE BARBOSA DE OLIVEIRA;RUA BEIRA RIO - 92;COQUEIRAL;-10.86993;-37.05654;8;10
127;280030;SE;Aracaju;3469182;US JOALDO BARBOSA;AV GUANABARA - S/N;AMERICA;-10.92168;-37.07641;19;10
142;280030;SE;Aracaju;2615;US MINISTRO COSTA CAVALVANTE INACIO BARBOSA;AV TRANCREDO NEVES - S/N;INACIO BARBOSA;-10.95431;-37.05882;23;40
144;280030;SE;Aracaju;2216;US OSVALDO LEITE TERRA DURA;AV AZUL - S/N;SANTA MARIA;-10.99539;-37.10173;24;36
148;280030;SE;Aracaju;2623;US WALTER CARDOSO VENEZA;RUA B - 372;VENEZA;-10.90556;-37.09688;21;39
195;280030;SE;Aracaju;2798;US JOSE AUGUSTO BARRETO JAPAOZINHO;AV EUCLIDES FIGUEIREDO - S/N;JAPAOZINHO;-10.88306;-37.06645;3;6
212;280030;SE;Aracaju;2658488;US CELSO DANIEL SANTA MARIA;TRAVESSA 5 - S/N;SANTA MARIA;-10.97657;-37.09407;29;16
254;280030;SE;Aracaju;2410;US DONA SINHAZINHA GRAGERU;AVENIDA HERMES FONTES - S/N;GRAGERU;-10.94247;-37.06314;7;3
257;280030;SE;Aracaju;2461;US FERNANDO SAMPAIO CASTELO BRANCO;AV SAO JOAO BATISTA - 986;PONTO NOVO;-10.93269;-37.07722;25;15
262;280030;SE;Aracaju;2259;US MARIA DO CEU SANTOS PEREIRA;RUA MARUIM - 198;CENTRO;-10.91599;-37.05479;15;18
265;280030;SE;Aracaju;2380;US HUGO GURGEL COROA DO MEIO;RUA RENATO FONSECA OLIVEIRA - S/N;COROA DO MEIO;-10.911;-37.072;3;0
266;280030;SE;Aracaju;3123;US IRMA CARIDADE ALOQUE;RUA PRINCIPAL - 101;JABOTIANA;-10.94028;-37.08738;7;10
267;280030;SE;Aracaju;3093;US NICEU DANTAS MOSQUEIRO;RUA DOS NAUFRAGOS - S/N;MOSQUEIRO;-11.04651;-37.10709;29;54
269;280030;SE;Aracaju;3492;US OSWALDO DE SOUZA;TV ADALTO BOTELHO - S/N;GETULIO VARGAS;-10.91123;-37.06207;15;27
270;280030;SE;Aracaju;2763;US DONA JOVEM AZEVEDO INDUSTRIAL;RUA ALTAMIRA - S/N;INDUSTRIAL;-10.89451;-37.05132;4;1
277;280030;SE;Aracaju;2453;US ANTONIO ALVES ATALAIA;RUA FIRMINO FONTES - S/N;ATALAIA;-10.9828;-37.05413;23;38
281;280030;SE;Aracaju;2399;US MANOEL DE SOUZA PEREIRA SOL NASCENTE;RUA MARIA DO CARMO COSTA - S/N;JABOTIANA;-10.94028;-37.08738;27;54
283;280030;SE;Aracaju;2445;US HUMBERTO MOURAO GUIMARAES SAO CONRADO;RUA A - S/N;SAO CONRADO;-10.95997;-37.0781;20;3
286;280030;SE;Aracaju;3395;US CARLOS HARDMAN CORTES SOLEDADE;AVENIDA CARLOS MARQUES - S/N;SOLEDADE;-10.88533;-37.08028;26;34
287;280030;SE;Aracaju;2631;US MADRE TEREZA DE CALCUTA JABOTIANA;LARGO DA APARECIDA - S/N;JABOTIANA;-10.94028;-37.08738;10;12
288;280030;SE;Aracaju;2771;US JOSE QUINTILIANO DA FONSECA SOBRAL CIDADE NOVA;SANTA TEREZINHA - S/N;CIDADE NOVA;-10.88935;-37.06772;23;30
289;280030;SE;Aracaju;2844;US ONESIMO PINTO FILHO JARDIM CENTENARIO;AVENIDA RADIALISTA JOSE DA SILVA LIMA - S/N;JARDIM CENTENARIO;-10.89721;-37.09662;9;14
290;280030;SE;Aracaju;2836;US LAURO DANTAS HORA BUGIO;RUA PROJETADA - S/N;BUGIO;-10.88984;-37.09745;7;5
291;280030;SE;Aracaju;2577;US EDEZIO VIEIRA DE MELO SIQUEIRA CAMPOS;RUA PARAIBA - S/N;SIQUEIRA CAMPOS;-10.911;-37.072;12;5
292;280030;SE;Aracaju;2550;US ELIZABETE PITA TERRA DURA;RUA B - 14;TERRA DURA;-10.99291;-37.10233;13;0
294;280030;SE;Aracaju;3409;US JOAO DE OLIVEIRA SOBRAL SANTOS DUMONT;RUA SENHOR DO BOMFIM - S/N;SANTOS DUMONT;-10.8949;-37.08623;8;11
300;280030;SE;Aracaju;2364;US CANDIDA ALVES SANTO ANTONIO;RUA SAO JOAO - S/N;SANTO ANTONIO;-10.89718;-37.05731;30;42
301;280030;SE;Aracaju;2844;US ONESIMO PINTO FILHO JARDIM CENTENARIO;AVENIDA RADIALISTA JOSE DA SILVA LIMA - S/N;JARDIM CENTENARIO;-10.89721;-37.09662;25;48
302;280030;SE;Aracaju;2763;US DONA JOVEM AZEVEDO INDUSTRIAL;RUA ALTAMIRA - S/N;INDUSTRIAL;-10.89451;-37.05132;27;32
304;280030;SE;Aracaju;3409;US JOAO DE OLIVEIRA SOBRAL SANTOS DUMONT;RUA SENHOR DO BOMFIM - S/N;SANTOS DUMONT;-10.8949;-37.08623;29;46
312;280030;SE;Aracaju;2380;US HUGO GURGEL COROA DO MEIO;RUA RENATO FONSECA OLIVEIRA - S/N;COROA DO MEIO;-10.911;-37.072;16;16
313;280030;SE;Aracaju;2631;US MADRE TEREZA DE CALCUTA JABOTIANA;LARGO DA APARECIDA - S/N;JABOTIANA;-10.94028;-37.08738;7;5
314;280030;SE;Aracaju;2771;US JOSE QUINTILIANO DA FONSECA SOBRAL CIDADE NOVA;SANTA TEREZINHA - S/N;CIDADE NOVA;-10.88935;-37.06772;19;34
316;280030;SE;Aracaju;2542;US JOAO CARDOSO NASCIMENTO JUNIOR JOSE CONRADO DE ARAUJO;RUA ALAGOAS - 2051;JOSE CONRADO DE ARAU;-10.90363;-37.07898;27;18
318;280030;SE;Aracaju;2291;US GERALDO MAGELA DE MENEZES SAO CONRADO;CENTRAL IV - S/N;SAO CONRADO;-10.96896;-37.08207;28;23
346;280030;SE;Aracaju;25690;US MAX DE CARVALHO ROCHA LUZIA;RUA FILEMON FREIRE - S/N;PONTO NOVO;-10.9322;-37.07357;6;0
347;280030;SE;Aracaju;25674;US AMELIA LEITE;RUA TENENTE WENDEL QUARANTA - 1863;SUISSA;-10.91722;-37.06284;10;1
348;280030;SE;Aracaju;25682;US SANTA TEREZINHA ROBALO;RODOVIA DOS NAUFRAGOS KM 05 - S/N;ROBALO;-11.03683;-37.10711;7;12
386;280030;SE;Aracaju;2600366;US AUGUSTO FRANCO;RUA H 5 - S/N;FAROLANDIA;-10.98807;-37.05345;18;8
419;280030;SE;Aracaju;2600366;US AUGUSTO FRANCO;RUA H 5 - S/N;FAROLANDIA;-10.98807;-37.05345;0;0
422;280030;SE;Aracaju;3210634;US ANALIA PINA DE ASSIS ALM TAMANDARE;AV AYRTON SENNA - S/N;SANTOS DUMONT;-10.9009;-37.08229;13;16
466;280030;SE;Aracaju;6599559;COMPAJAF;RUA 37 - 1501;SANTA MARIA;-10.90954;-37.07477;8;10
87;280040;SE;Arau;2612364;UNIDADE DE SAUDE DA FAMILIA DO POVOADO CAMBOATA;POVOADO CAMBOATA - 124;ZONA RURAL;-11.31861;-37.68042;8;0
102;280040;SE;Arau;2612364;UNIDADE DE SAUDE DA FAMILIA DO POVOADO CAMBOATA;POVOADO CAMBOATA - 124;ZONA RURAL;-11.31861;-37.68042;2;3
397;280040;SE;Arau;2423154;UNIDADE DE SAUDE DA FAMILIA DO POVOADO CASA CAIADA;RUA BOQUIM - S/N;ZONA RURAL;-11.22766;-37.56892;22;31
425;280040;SE;Arau;2546175;UNIDADE DE SAUDE DA FAMILIA POVOADO PROGRESSO;ZONA RURAL - 48;ZONA RURAL;-11.2645;-37.61233;18;33
81;280050;SE;Areia Branca;2477017;UNIDADE DE SAUDE DA FAMILIA MESTRE ELIAS;ZONA RURAL POVOADO CAJUEIRO - S/N;ZONA RURAL;-10.79888;-37.38123;9;13
184;280050;SE;Areia Branca;2477033;UNIDADE DA SAUDE DA FAMILIA ASCENDINO DE SOUZA FILHO;ZONA RURAL POVOADO PEDRINHAS - S/N;ZONA RURAL;-10.75819;-37.31336;15;29
186;280050;SE;Areia Branca;2477025;UNIDADE DE SAUDE DA FAMILIA JOSE BATISTA IRMAO;ZONA RURAL POVOADO JUNCO - S/N;ZONA RURAL;-10.76073;-37.31746;28;10
309;280050;SE;Areia Branca;2477041;UNIDADE DA SAUDE DA FAMILIA NILO CALAZANS DE MENESES;ZONA RURAL POVOADO MANILHA - S/N;ZONA RURAL;-10.75819;-37.31336;13;21
320;280050;SE;Areia Branca;5280834;UNIDADE DE SAUDE DA FAMILIA LAGOA SECA;RUA HERACLIOTN DINIZ - S/N;LAGOA SECA;-10.75819;-37.31336;15;29
412;280050;SE;Areia Branca;2477009;POSTO MEDICO DALVINO DOS SANTOS;ZONA RURAL POVOADO SERRA COMPRIDA - S/N;ZONA RURAL;-10.8369;-37.39535;25;29
416;280050;SE;Areia Branca;2476991;CLINICA DE SAUDE DA FAMILIA DR CHRISTTIANNO O DE ALMEIDA;BR 235 - S/N;CENTRO;-10.75819;-37.31336;20;4
471;280050;SE;Areia Branca;7218397;POSTO MEDICO MARCIONILIA DE JESUS MORAES;POVOADO GUIDINHA - S/N;POV GUIDINHA;-10.758;-37.315;14;15
475;280050;SE;Areia Branca;7036310;POSTO MEDICO JOSE LUIZ DA SILVA;POVOADO CAROBA - S/N;ZONA RURAL;-10.76073;-37.31746;11;21
480;280050;SE;Areia Branca;7036329;POSTO MEDICO INACIO ANDRELINO DOS SANTOS;POVOADO RIO DAS PEDRAS - S/N;ZONA RURAL;-10.76073;-37.31746;29;20
123;280060;SE;Barra dos Coqueiros;3074684;VER ANA DOS ANJOS SANTOS;RUA GILBERTO GIL - 335;CAMINHO DO PORTO;-10.91108;-37.02807;15;20
201;280060;SE;Barra dos Coqueiros;2477580;CLINICA DE SAUDE DA FAMILIA SANTA LUZIA;RUA A - 185;CENTRO;-10.90679;-37.04124;30;5
363;280060;SE;Barra dos Coqueiros;2477629;UNIDADE BASICA DE SAUDE NOSSA SENHORA DO CARMO;RODOVIA SE 100 - S/N;POVOADO CAPOA;-10.90679;-37.04124;8;13
383;280060;SE;Barra dos Coqueiros;2477602;UNIDADE DE SAUDE DA FAMILIA PREFEITO AURELIANO RODRIGUES;RUA SENADOR POMPEU - S/N;ATALAIA NOVA;-10.90679;-37.04124;9;14
17;280067;SE;Boquim;2545942;USF UNIDADE DE SAUDE DA FAMILIA DO POVOADO MANGUE GRANDE;POVOADO MANGUE GRANDE - S/N;POVOADO;-11.02243;-37.55309;4;4
68;280067;SE;Boquim;2545950;USF UNIDADE DE SAUDE DA FAMILIA DO POVOADO TABOCA;POVOADO TABOCA - S/N;POVOADO;-11.15479;-37.58939;26;0
135;280067;SE;Boquim;7725205;POSTO DE SAUDE DO POVOADO ROMAO;POVOADO ROMAO - S/N;POVOADO ROMAO;-11.18118;-37.64212;1;1
255;280067;SE;Boquim;6627455;UNIDADE DE SAUDE DA FAMILIA DO BAIRRO MIGUEL DOS ANJOS;BAIRRO MIGUEL DOS ANJOS - S/N;MIGUEL DOS ANJOS;-11.13853;-37.60079;20;29
435;280067;SE;Boquim;6407641;CLINICA DE SAUDE DA FAMILIA DR GILBERTO CARVALHO FILHO;AV MANOEL DOS SANTOS - S/N;CENTRO;-11.14639;-37.62357;17;7
494;280067;SE;Boquim;7798318;UNIDADE DE SAUDE DA FAMILIA RAIMUNDO NOGUEIRA DE CARVALHO;POVOADO BOA VISTA DO FUNDUNGA - S/N;POVOADO BOA VISTA DO;-11.12127;-37.61736;20;21
122;280070;SE;Brejo Grande;2658429;UNIDADE DE SAUDE DA FAMILIA JADER PEREIRA DE FARIAS;POVOADO BREJAO - S/N;POVOADO;-10.47467;-36.41779;2;4
131;280070;SE;Brejo Grande;2658410;CLINICA DE SAUDE DA FAMILIA MARECHAL DEODORO DA FONSECA;PRACA MARECHAL DEODORO - 116;CENTRO;-10.46733;-36.48048;6;10
183;280070;SE;Brejo Grande;6931510;UNIDADE DE SAUDE DA FAMILIA CARLOS AUGUSTO FERREIRA;POVOADO SARAMEM - S/N;POVOADO SARAMEM;-10.477;-36.42731;10;0
35;280100;SE;Campo do Brito;5459664;POSTO DE SAUDE ARMINDA MARIA DE SOUZA;POVOADO LIMOEIRO - S/N;ZONA RURAL;-10.75423;-37.55362;29;1
36;280100;SE;Campo do Brito;4020707;POSTO DE SAUDE ROQUE JOSE DE SOUZA;POVOADO GARANGAU - 01;ZONA RURAL;-10.74333;-37.49635;1;1
43;280100;SE;Campo do Brito;4020685;POSTO DE SAUDE EPIFANEO JOSE DE ANDRADE;POVOADO TERRA VERMELHA - S/N;ZONA RURAL;-10.74333;-37.49635;13;11
70;280100;SE;Campo do Brito;4020693;UNIDADE BASICA DE SAUDE JOSE MANOEL DOS SANTOS;POVOADO CERCADO - S/N;ZONA RURAL;-10.74983;-37.56433;24;12
101;280100;SE;Campo do Brito;4020715;UNIDADE BASICA DE SAUDE ANTONIO VITOR;POVOADO GAMELEIRA - S/N;ZONA RURAL;-10.76246;-37.55279;2;0
424;280100;SE;Campo do Brito;5459656;POSTO DE SAUDE BRASILIANO DA CRUZ MENDONCA;POVOADO RODEADOR - S/N;ZONA RURAL;-10.73019;-37.50575;28;25
430;280100;SE;Campo do Brito;4020723;POSTO DE SAUDE CARIOLANDO DE SOUZA;POVOADO CATINGA REDONDA - S/N;ZONA RURAL;-10.74333;-37.49635;28;27
432;280100;SE;Campo do Brito;4020731;CLINICA DE SAUDE DA FAMILIA NOSSA SENHORA DA BOA HORA;RUA RODRIGUES DOREA - 170;CENTRO;-10.74333;-37.49635;14;2
482;280100;SE;Campo do Brito;6933432;POSTO DE SAUDE JOSE DOMINGOS DE LIMA;POVOADO TAPERA DA SERRA - S/N;ZONA RURAL;-10.73066;-37.49478;24;41
10;280110;SE;Canhoba;2423340;UNID SAUDE DE FAMILIA POVOADO BORDA DA MATA;POVOADO BORDA DA MATA - S/N;POVOADO;-10.08524;-36.95024;21;25
3;280120;SE;Canindé de São Francisco;2477084;UNIDADE DE SAUDE DA FAMILIA ARLINDO BEZERRA DA SILVA;RUA JOSE PEDRO DA SILVA - S/N;AGROVILA;-9.6541;-37.78796;18;2
64;280120;SE;Canindé de São Francisco;2477114;UNIDADE SAUDE DA FAMILIA FRANCELINA LISBOA;RUA SANTO ANTONIO - S/N;CURITUBA;-9.6541;-37.78796;13;13
95;280120;SE;Canindé de São Francisco;2477092;UNIDADE DE SAUDE DA FAMILIA EDINALDO VIEIRA BARROS;RUA SANTA LUZIA - S/N;CUYABA;-9.69789;-37.82762;15;16
104;280120;SE;Canindé de São Francisco;2477092;UNIDADE DE SAUDE DA FAMILIA EDINALDO VIEIRA BARROS;RUA SANTA LUZIA - S/N;CUYABA;-9.69789;-37.82762;4;2
125;280120;SE;Canindé de São Francisco;2477122;UNIDADE DE SAUDE DA FAMILIA MARIA VIRGULINO;PRACA JORGE VALENCA - S/N;CAPIM GROSSO;-9.77747;-37.88912;0;0
311;280120;SE;Canindé de São Francisco;2477106;CENTRO DE SAUDE DA FAMILIA HILDA FERNANDES FEITOSA;AV OTAVIO FERNANDES DE SOUZA - 569;CENTRO;-9.6541;-37.78796;17;9
328;280120;SE;Canindé de São Francisco;5255236;CLINICA BASICA DE SAUDE GENALDO RODRIGUES DOS SANTOS;RUA B - S/N;OLARIA;-9.65551;-37.78552;24;48
441;280120;SE;Canindé de São Francisco;5341264;CLINICA BASICA DE SAUDE GOVERNADOR MARCELO DEDA CHAGAS;ALTO BONITO - S/N;ALTO BONITO;-9.64221;-37.78847;4;2
463;280120;SE;Canindé de São Francisco;2477130;CLINICA BASICA DE SAUDE JARDEL FELIPE DE OLIVEIRA FEITOSA;TREVO - S/N;TREVO;-9.64221;-37.78847;21;3
21;280130;SE;Capela;2476967;UNIDADE DE SAUDE DA FAMILIA JULIO JOSE DOS SANTOS;POVOADO CRUZ DO CONGO - S/N;POVOADO CRUZ DO CONG;-10.50609;-37.05483;0;0
25;280130;SE;Capela;2476916;UNIDADE DE SAUDE DA FAMILIA JOAQUIM SILVIO DE ARAUJO;POVOADO JENIPAPO - S/N;POVOADO;-10.48563;-37.07364;14;9
33;280130;SE;Capela;2476932;CLINICA DE SAUDE DA FAMILIA DR MILTON CALUMBI TOURINHO;RODOVIA MANOEL DANTAS - S/N;CENTRO;-10.50609;-37.05483;25;20
41;280130;SE;Capela;2476940;UNIDADE DE SAUDE DA FAMILIA LUCAS LOPES MOTA;POVOADO PIRUNGA - S/N;POVOADO PIRUNGA;-10.50609;-37.05483;11;22
55;280130;SE;Capela;2476959;CLINICA DE SAUDE DA FAMILIA DR GERALDO LUIZ SOUZA MOTA;AV QUINTINO BOCAIUVA - 740;CENTRO;-10.50609;-37.05483;18;12
88;280130;SE;Capela;2476908;CLINICA DE SAUDE DA FAMILIA MARIA LEONTINA DE OLIVEIRA;RUA DA PAZ - S/N;CENTRO;-10.50609;-37.05483;19;6
155;280130;SE;Capela;2476924;CLINICA DE SAUDE DA FAMILIA JOSEFA PAIXAO;RUA ESTRADA DE FERRO - S/N;SAO CRISTOVAO;-10.50609;-37.05483;14;20
190;280130;SE;Capela;2476959;CLINICA DE SAUDE DA FAMILIA DR GERALDO LUIZ SOUZA MOTA;AV QUINTINO BOCAIUVA - 740;CENTRO;-10.50609;-37.05483;24;44
324;280130;SE;Capela;2476975;UNIDADE DE SAUDE DA FAMILIA DIONIZIO LEITE MOTA;POVOADO CUMINHO - S/N;POVOADO CUMINHO;-10.50609;-37.05483;2;2
381;280130;SE;Capela;2476894;UNIDADE DE SAUDE DA FAMILIA MARIA CARMELITA CABRAL;POVOADO PEDRAS - S/N;POVOADO PEDRAS;-10.50609;-37.05483;26;39
24;280140;SE;Carira;2546213;USF POV MASSARANDUBA;POVOADO MASSARANDUBA - S/N;ZONA RURAL;-10.37039;-37.68533;21;31
160;280140;SE;Carira;6650392;UNIDADE DE SAUDE DA FAMILIA BONFIM;POVOADO BONFIM - S/N;POVOADO;-10.35801;-37.70191;24;33
162;280140;SE;Carira;2502925;USF POV DESCOBERTO;POVOADO DESCOBERTO - S/N;POVOADO DESCOBERTO;-10.361;-37.701;21;12
172;280140;SE;Carira;2546205;USF POV ALTOS VERDES;USF POV ALTOS VERDES - S/N;ZONA RURAL;-10.35801;-37.70191;17;34
298;280140;SE;Carira;2546264;USF ALDA NUNES CHAGAS;PRACA JOSE DURVAL DE MATOS - S/N;CENTRO;-10.35801;-37.70191;6;4
322;280140;SE;Carira;2546264;USF ALDA NUNES CHAGAS;PRACA JOSE DURVAL DE MATOS - S/N;CENTRO;-10.35801;-37.70191;15;15
459;280140;SE;Carira;2423464;CLINICA DE SAUDE 24H ALDA NUNES CHAGAS;PRACA JOSE DURVAL MATOS - 32;CENTRO;-10.35559;-37.69146;20;5
205;280150;SE;Carmópolis;6672205;UNIDADE DE SAUDE ARIOVALDO FERREIRA DE SOUZA;RUA THEOTONIO NETO - S/N;CONJ ALBANO FRANCO;-10.64681;-36.99081;8;13
344;280150;SE;Carmópolis;2745216;UNIDADE DE SAUDE DA FAMILIA ERONILDES FONTES BARRETO;RUA ARIOSVALDO SOUZA - 09;CENTRO;-10.64409;-36.98978;7;2
345;280150;SE;Carmópolis;2745208;UNIDADE DE SAUDE DA FAMILIA GENTIL ACIOLE GOMES;POVOADO AGUADA - S/N;AGUADA;-10.68349;-36.94251;7;12
495;280150;SE;Carmópolis;7859082;CLINICA DE SAUDE DA FAMILIA SAGRADO CORACAO DE JESUS;ALTO NOSSA SENHORA DE FATIMA - S/N;CENTRO;-10.65608;-36.98634;14;18
168;280160;SE;Cedro de São João;2658593;CLINICA DE SAUDE DA FAMILIA JURACI RAMOS ROCHA;PRACA JONAS TRINDADE - 49;CENTRO;-10.24776;-36.88403;25;42
420;280160;SE;Cedro de São João;2658607;UNIDADE DE SAUDE DA FAMILIA MARIA MESSIAS DE ANDRADE;AVENIDA DOUTOR VALDIR FREITAS DANTAS - S/N;CENTRO;-10.25806;-36.87938;9;13
426;280160;SE;Cedro de São João;2680084;UNIDADE DE SAUDE DA FAMILIA POCO DOS BOIS;POVOADO POCO DOS BOIS - S/N;ZONA RURAL;-10.28972;-36.91024;8;12
18;280170;SE;Cristinápolis;2420953;U B S JOSE ALVES DO NASCIMENTO;POV COLONIA - S/N;POV COLONIA;-11.50845;-37.70776;21;20
99;280170;SE;Cristinápolis;2420961;U B S ESTELA CAVALCANTE;POV AGUA BRANCA - S/N;POV AGUA BRANCA;-11.42805;-37.77299;1;2
106;280170;SE;Cristinápolis;2420996;U B S MAE URANIA;RUA FRANCISCO BENICIO DOS SANTOS - S/N;MANOEL JOAQUIM;-11.47355;-37.75465;20;4
110;280170;SE;Cristinápolis;2420961;U B S ESTELA CAVALCANTE;POV AGUA BRANCA - S/N;POV AGUA BRANCA;-11.42805;-37.77299;17;2
203;280170;SE;Cristinápolis;2420988;U B S MARIA DOLORES S FONSECA;BAIRRO SAO FRANCISCO - S/N;BAIRRO SAO FRANCISCO;-11.47057;-37.74646;17;27
227;280170;SE;Cristinápolis;2421003;CLINICA 24H DE SAUDE DA FAMILIA MARIA DANTAS DE CARVALHO;RUA MARIA LUIZA - 260;CENTRO;-11.47904;-37.75341;15;16
16;280190;SE;Cumbe;2422603;UNIDADE BASICA DE SAUDE M DE GOIS MORAES;RUA ANIZIO CARDOSO - S/N;ZONA URBANA;-10.33338;-37.16583;25;23
19;280190;SE;Cumbe;2422638;UNIDADE BASICA DE SAUDE MARIA GENOLE DE MOURA;POVOADO FORTE - S/N;ZONA RURAL;-10.3771;-37.15029;28;38
100;280190;SE;Cumbe;6740510;UNIDADE BASICA DE SAUDE LEOZIRO ROSA DE MENEZES;POV SACO GRANDE - S/N;ZONA RURAL;-10.35702;-37.18789;6;7
114;280190;SE;Cumbe;6740510;UNIDADE BASICA DE SAUDE LEOZIRO ROSA DE MENEZES;POV SACO GRANDE - S/N;ZONA RURAL;-10.35702;-37.18789;18;26
274;280190;SE;Cumbe;4020766;CLINICA DE SAUDE DA FAMILIA RISOLETA FIGUEIREDO;RUA PRESBITERO JOSE DOS SANTOS - S/N;CENTRO;-10.35702;-37.18789;14;23
390;280200;SE;Divina Pastora;2423006;CLINICA DE SAUDE DA FAMILIA DR MARCELO VILLAS BOAS;AV ADELIA FRANCO - S/N;CENTRO;-10.68308;-37.15578;12;15
443;280200;SE;Divina Pastora;2423006;CLINICA DE SAUDE DA FAMILIA DR MARCELO VILLAS BOAS;AV ADELIA FRANCO - S/N;CENTRO;-10.68308;-37.15578;21;17
14;280210;SE;Estância;2422905;CENTRO DE REFERENCIA MIN LEONOR B FRANCO;RUA ADILSON RODRIGUES DOS SANTOS - S/N;CIDADE NOVA;-11.26635;-37.44872;9;5
15;280210;SE;Estância;2477912;USF JULIO DOS SANTOS;RUA SANTA LUZIA - S/N;SANTA CRUZ;-11.26794;-37.44001;9;11
57;280210;SE;Estância;2422905;CENTRO DE REFERENCIA MIN LEONOR B FRANCO;RUA ADILSON RODRIGUES DOS SANTOS - S/N;CIDADE NOVA;-11.26635;-37.44872;13;10
140;280210;SE;Estância;2477858;USF IRMA MADALENA;AV RAIMUNDO SILVEIRA SOUZA - 1840;ALAGOAS;-11.26794;-37.44001;6;7
179;280210;SE;Estância;2477831;POSTO DE SAUDE MANOEL ALCANTARA DOS SANTOS;COLONIA ESTANCINHA - 147;ZONA RURAL;-11.11643;-37.43509;17;1
189;280210;SE;Estância;2477858;USF IRMA MADALENA;AV RAIMUNDO SILVEIRA SOUZA - 1840;ALAGOAS;-11.26794;-37.44001;7;4
268;280210;SE;Estância;2477904;USF RAIMUNDA MESQUITA;JOAO BARRETO DO NASCIMENTO - S/N;CIDADE NOVA;-11.26794;-37.44001;20;18
271;280210;SE;Estância;6200346;USF DRA ANNE DE GUSMAO APOLONIO MENDES COSTA;TRAVESSA CANDEAL - S/N;CANDEAL;-11.28529;-37.45599;2;4
293;280210;SE;Estância;6986110;USF DR QUIRINO LOPES FERREIRA NETO;RUA MARECHAL DEODORO DA FONSECA - 460;CENTRO;-11.26461;-37.43808;0;0
303;280210;SE;Estância;6200346;USF DRA ANNE DE GUSMAO APOLONIO MENDES COSTA;TRAVESSA CANDEAL - S/N;CANDEAL;-11.28529;-37.45599;15;9
315;280210;SE;Estância;6986102;USF DR VALTER CARDOSO COSTA;POVOADO RIO FUNDO III - S/N;ZONA RURAL;-11.25477;-37.43229;27;24
317;280210;SE;Estância;2477890;USF DR JOSE AUGUSTO NASCIMENTO;AVENIDA MANOEL BONFIM - 452;ALECRIM;-11.24472;-37.45061;10;20
362;280210;SE;Estância;2477807;USF DR IVALDO DE LIMA GAIAO;RUA MARIA HELENA SILVA FRANCA FROES - 106;BONFIM;-11.26158;-37.44584;23;10
380;280210;SE;Estância;2477866;USF ENFERMEIRO LUIZ CARLOS PAIXAO DO NASCIMENTO;RUA A CONJUNTO PAULO AMARAL - S/N;CIDADE NOVA;-11.26794;-37.44001;7;9
408;280210;SE;Estância;2477882;POSTO DE SAUDE MARIA EUNICE DOS SANTOS;POVOADO ABAIS - S/N;RURAL;-11.26794;-37.44001;19;10
415;280210;SE;Estância;2477823;USF WALDEMAR RODRIGUES DE ALMEIDA;COLONIA ENTRE RIOS - 109;RURAL;-11.13274;-37.40213;23;31
442;280210;SE;Estância;6986080;USF DR RAIMUNDO GOOD LIMA;RUA JOSE VENANCIO CRUZ - 116;SAO JORGE;-11.27273;-37.43271;2;1
4;280220;SE;Feira Nova;5149843;UNIDADE DE SAUDE DA FAMILIA DO POV MALHADA DO PAU FERRO;POVOADO MALHADA DO PAU FERRO - S/N;ZONA RURAL;-10.29514;-37.28916;3;2
410;280220;SE;Feira Nova;2477173;CLINICA DE S F MARIA ROSA DOS SANTOS;RODOVIA ENGENHEIRO JORGE NETO - S/N;CENTRO;-10.27053;-37.31611;16;17
78;280230;SE;Frei Paulo;2423618;CENTRO DE SAUDE 1;RUA JOSE ROSENDO DOS SANTOS - 171;CENTRO;-10.54008;-37.54187;19;26
350;280230;SE;Frei Paulo;2423634;POSTO DE SAUDE DE ALAGADICO;RUA DA TELERGIPE - S/N;POVOADO;-10.48096;-37.56753;14;6
395;280230;SE;Frei Paulo;2423626;POSTO DE SAUDE MOCAMBO;RUA - S/N;POVOADO;-10.54008;-37.54187;5;2
243;280240;SE;Gararu;2421178;UNIDADE BASICA DE SAUDE DO POVOADO SAO MATEUS;POVOADO SAO MATEUS - S/N;ZONA RURAL;-10.06918;-37.30469;22;3
310;280240;SE;Gararu;2421216;UNIDADE BASICA DE SAUDE POVOADO LAGOA FUNDA;POVOADO LAGOA FUNDA - S/N;ZONA RURAL;-10.01253;-36.95948;9;13
327;280240;SE;Gararu;2421232;CLINICA DE SAUDE DA FAMILIA MARIETA ROSA DA SILVA;RUA PROFESSOR BENTO ARAUJO - S/N;CENTRO;-9.96981;-37.08134;2;4
469;280240;SE;Gararu;7147430;UNIDADE BASICA DE SAUDE DO POVOADO LAGOA RASA;POVOADO LAGOA RASA - S/N;ZONA RURAL;-9.968;-37.083;6;11
141;280250;SE;General Maynard;2420325;UNIDADE BASICA DE SAUDE JOSEFINA CARDOSO DA SILVA;PRACA DA MATRIZ - S/N;CENTRO;-10.68652;-36.98798;6;0
497;280250;SE;General Maynard;7806361;CLINICA DE SAUDE DA FAMILIA JOSE EVANGELISTA DOS SANTOS;POVOADO PINGA FOGO - S/N;ZONA RURAL;-10.69119;-36.97022;6;5
146;280260;SE;Gracho Cardoso;2612224;CLINICA DE SAUDE DA FAMILIA NOSSA SENHORA DA PIEDADE;RUA DA GLORIA - S/N;ZONA URBANA;-10.22619;-37.19605;28;22
51;280270;SE;Ilha das Flores;2477181;CSF LUIZ FERREIRA LISBOA;PRACA SAO ROQUE - 115;CENTRO;-10.43662;-36.53466;30;45
79;280270;SE;Ilha das Flores;2612291;USF POV BOLIVA;POVOADO BOLIVAR - 0001;POVOADO BOLIVAR;-10.43384;-36.54514;8;4
145;280270;SE;Ilha das Flores;2502895;USF POV SERRAO;POVOADO SERRAO - S/N;POVOADO SERRAO;-10.42592;-36.56189;15;16
11;280280;SE;Indiaroba;2423057;POSTO DE SAUDE POVOADO PREGUICA;POVOADO PREGUICA - S/N;POVOADO;-11.51625;-37.45715;2;2
46;280280;SE;Indiaroba;2423081;UNIDADE DE SAUDE DA FAMILIA POVOADO COLONIA SERGIPE;POVOADO COLONIA SERGIPE - 15;POVOADO;-11.5185;-37.51509;9;10
47;280280;SE;Indiaroba;2423146;POSTO DE SAUDE POVOADO COLONIA BOA VISTA;POVOADO COLONIA BOA VISTA - 15;POVOADO;-11.44014;-37.52998;17;8
67;280280;SE;Indiaroba;2423049;POSTO DE SAUDE POVOADO MURICOCA;POVOADO MURICOCA - S/N;POVOADO;-11.51156;-37.45734;11;4
169;280280;SE;Indiaroba;3539148;UNIDADE DE SAUDE DA FAMILIA DO POV SITIO NOVO;POV SITIO NOVO - S/N;ZONA RURAL;-11.5185;-37.51509;1;0
174;280280;SE;Indiaroba;2423138;UNIDADE DE SAUDE DA FAMILIA GIVALDA LESSA DA COSTA;POVOADO TERRA CAIDA - 15;POVOADO;-11.42899;-37.41243;29;19
182;280280;SE;Indiaroba;2423073;POSTO DE SAUDE POVOADO CONVENTO;POVOADO CONVENTO - 35;POVOADO;-11.48169;-37.4676;13;8
389;280280;SE;Indiaroba;2423111;UNIDADE DE SAUDE DA FAMILIA COLONIA RETIRO;POVOADO COLONIA RETIRO - 15;POVOADO;-11.5185;-37.51509;18;3
411;280280;SE;Indiaroba;2477963;CLINICA DE SAUDE DA FAMILIA NOSSA SENHORA DA CONCEICAO;PRACA JOAO ALVES FILHO - S/N;CENTRO;-11.52199;-37.50987;3;5
476;280280;SE;Indiaroba;7167601;UNIDADE DE SAUDE MARIA JOSE VIEGAS MENDONCA DE ARAUJO;VILA SAGUIM - S/N;POVOADO;-11.519;-37.512;12;18
477;280280;SE;Indiaroba;7167628;UNIDADE BASICA DE SAUDE JOSE MORAES NETO;ASSENTAMENTO SETE BREJOS - S/N;ZONA RURAL;-11.519;-37.512;9;11
488;280280;SE;Indiaroba;7336128;UNIDADE DE SAUDE POVOADO BOTEQUIM;POVOADO BOTEQUIM - S/N;ZONA RURAL;-11.519;-37.512;5;9
7;280290;SE;Itabaiana;2611880;CENTRO DE SAUDE DR JOSE SOUTO DINIZ;AV OTONIEL DOREA - 534;CENTRO;-10.68798;-37.42497;22;18
45;280290;SE;Itabaiana;2546167;UNIDADE PSF QUEIMADAS;POVOADO QUEIMADAS - S/N;RURAL;-10.66253;-37.4537;21;16
94;280290;SE;Itabaiana;2477769;UNIDADE PSF RIO DAS PEDRAS;POVOADO RIO DAS PEDRAS - S/N;RURAL;-10.763;-37.38619;20;10
295;280290;SE;Itabaiana;2611929;UNIDADE PSF SERRA PROF DEUZINHA TAVARES DOS SANTOS;POVOADO SERRA - S/N;RURAL;-10.72303;-37.38688;6;11
296;280290;SE;Itabaiana;2477777;CLINICA DE SAUDE DA FAMILIA MANOEL PEREIRA DE ANDRADE;RUA PRINCIPAL - S/N;SITIO PORTO;-10.67632;-37.44154;15;27
297;280290;SE;Itabaiana;2477742;UNIDADE PSF JOSE CARLOS JESUS SILVEIRA LAGOA DO FORNO;POVOADO LAGOA DO FORNO - S/N;RURAL;-10.76486;-37.40471;26;49
305;280290;SE;Itabaiana;2611929;UNIDADE PSF SERRA PROF DEUZINHA TAVARES DOS SANTOS;POVOADO SERRA - S/N;RURAL;-10.72303;-37.38688;16;18
307;280290;SE;Itabaiana;2477750;CENTRO DE SAUDE GILZA MARIA DOS SANTOS RIBEIRO MUTIRAO;RUA ARGENTINA - 906;MUTIRAO;-10.68571;-37.42686;10;13
308;280290;SE;Itabaiana;2477734;UNIDADE PSF DR LUCIANO SIQUEIRA;RUA JOSE ANTONIO DE JESUS - S/N;BANANEIRAS;-10.67777;-37.41415;20;26
321;280290;SE;Itabaiana;2477742;UNIDADE PSF JOSE CARLOS JESUS SILVEIRA LAGOA DO FORNO;POVOADO LAGOA DO FORNO - S/N;RURAL;-10.76486;-37.40471;7;6
365;280290;SE;Itabaiana;2546140;UNIDADE BASICA DE SAUDE DEP DJALMA LOBO;POVOADO MATAPOA - S/N;RURAL;-10.62948;-37.4602;2;0
366;280290;SE;Itabaiana;2477688;CLINICA DE SAUDE DA FAMILIA VEREADOR VIVALDO MENEZES;RUA JOSUE PASSOS - 700;CENTRO;-10.68798;-37.42496;26;34
367;280290;SE;Itabaiana;2477726;UNIDADE PSF CAJAIBA;POVOADO CAJAIBA - S/N;RURAL;-10.80078;-37.4269;21;16
382;280290;SE;Itabaiana;2546159;UNIDADE PSF SAO CRISTOVAO;RUA F CONJ JOSE LUIZ CONCEICAO - 81;SAO CRISTOVAO;-10.68571;-37.42686;8;11
384;280290;SE;Itabaiana;2611872;UNIDADE PSF PE DO VEADO;POVOADO PE DO VEADO - S/N;RURAL;-10.63115;-37.41258;7;13
385;280290;SE;Itabaiana;2611899;UNIDADE PSF VLADEMIR SOUZA DE CARVALHO;RUA SAO JOSE - S/N;MIGUEL TELES;-10.68049;-37.42602;14;0
452;280290;SE;Itabaiana;2502860;CTA DE ITABAIANA SE;RUA PERCILIO ANDRADE - S/N;CENTRO;-10.68826;-37.42651;5;5
59;280300;SE;Itabaianinha;3292835;UNIDADE DE SAUDE DA FAMILIA CARLOS ROBERTO CARVALHO SILVA;CONJUNTO LEONOR BARRETO FRANCO RUA A - 10;CONVENIENCIA;-11.27512;-37.78792;7;6
299;280300;SE;Itabaianinha;3010740;CLINICA DE SAUDE DA FAMILIA HORMINIO DE FREITAS LIMA;POVOADO POXICA - 1;POVOADO POXICA;-11.25069;-37.84865;30;43
323;280300;SE;Itabaianinha;3010740;CLINICA DE SAUDE DA FAMILIA HORMINIO DE FREITAS LIMA;POVOADO POXICA - 1;POVOADO POXICA;-11.25069;-37.84865;22;4
360;280300;SE;Itabaianinha;2421275;UNIDADE DE SAUDE DA FAMILIA BERNARDINO NEPOMUCENO;POV JARDIM - S/N;ZONA RURAL;-11.33064;-37.75033;25;5
373;280300;SE;Itabaianinha;2421283;UNIDADE BASICA DE SAUDE ANA DE FREITAS MUNIZ;RUA ROZENTINA F COSTA - S/N;POV ILHA;-11.27678;-37.78741;12;23
374;280300;SE;Itabaianinha;2421259;CLINICA DE SAUDE DA FAMILIA BERLANGE RIBEIRO DE GOIS JUNIOR;POV DISPENSA - S/N;ZONA RURAL;-11.27678;-37.78741;24;33
402;280300;SE;Itabaianinha;2421283;UNIDADE BASICA DE SAUDE ANA DE FREITAS MUNIZ;RUA ROZENTINA F COSTA - S/N;POV ILHA;-11.27678;-37.78741;1;2
403;280300;SE;Itabaianinha;2421259;CLINICA DE SAUDE DA FAMILIA BERLANGE RIBEIRO DE GOIS JUNIOR;POV DISPENSA - S/N;ZONA RURAL;-11.27678;-37.78741;9;0
417;280290;SE;Itabaianinha;2611872;UNIDADE PSF PE DO VEADO;POVOADO PE DO VEADO - S/N;RURAL;-10.63115;-37.41258;16;9
418;280290;SE;Itabaianinha;2611899;UNIDADE PSF VLADEMIR SOUZA DE CARVALHO;RUA SAO JOSE - S/N;MIGUEL TELES;-10.68049;-37.42602;10;11
421;280300;SE;Itabaianinha;3323161;CLINICA DE SAUDE DA FAMILIA MARIA FRANCISCA DE SANTANA;TRAVESSA FRANCISCO SEVERO - S/N;GUILHERME CAMPOS;-11.27858;-37.7897;23;23
429;280290;SE;Itabaianinha;3281329;UNIDADE PSF DR LAURO MAIA;RUA PERCILIO ANDRADE - S/N;CENTRO;-10.68798;-37.42497;11;15
437;280300;SE;Itabaianinha;3000346;UBS ELVIRA FRANCISCA DE JESUS POVOADO PATU;POVOADO PATU - 01;ZONA RURAL;-11.27512;-37.78792;10;9
461;280300;SE;Itabaianinha;3010732;CENTRO DE SAUDE JOSE NAILSON MOURA;RUA JOSE MARIA COSTA - 208;CENTRO;-11.27434;-37.78889;27;28
28;280310;SE;Itabi;2422956;CENTRO DE SAUDE;RUA MANOEL ALVES DOS SANTOS - 103;MATIAS;-10.1253;-37.09892;24;32
256;280310;SE;Itabi;2422913;USF DO POVOADO MATA GRANDE;POVOADO - S/N;ZONA RURAL;-10.12348;-37.09964;9;4
263;280310;SE;Itabi;2422948;UNIDADE DE SAUDE DA FAMILIA LAUDELINA FIGUEIREDO;RUA DO JOQUEI - 555;CENTRO;-10.11959;-37.10509;21;3
9;280320;SE;Itaporanga d'Ajuda;6119476;UBS SILVESTRE EVANGELISTA DE JESUS CHAN;POVOADO CHAN - S/N;ZONA RURAL;-10.99909;-37.3937;3;0
40;280320;SE;Itaporanga d'Ajuda;6119492;POSTO DE SAUDE VEREADOR ALEILDE GOMES DURO;POVOADO DURO - S/N;ZONA RURAL;-11.02602;-37.32776;12;2
52;280320;SE;Itaporanga d'Ajuda;6119549;POSTO DE SAUDE RODOLFO MARCOS TEIXEIRA PINTO 8 DE MARCO;POVOADO 8 DE MARCO - S/N;ZONA RURAL;-10.85628;-37.34512;13;14
83;280320;SE;Itaporanga d'Ajuda;7109148;UBS GETULIO SAVIO SOBRAL LOTEAMENTO SANTO ANTONIO;LOTEAMENTO SANTO ANTONIO - S/N;CENTRO;-11.01163;-37.30991;19;3
85;280320;SE;Itaporanga d'Ajuda;6119581;UBS JOSE COSTA CAVALCANTE ARATICUM;POVOADO ARATICUM - S/N;ZONA RURAL;-11.01124;-37.32789;28;55
130;280320;SE;Itaporanga d'Ajuda;2422824;UBS DEISE SANTOS ANDRADE NOVA DESCOBERTA;POVOADO NOVA DESCOBERTA - S/N;ZONA RURAL;-10.99673;-37.30782;23;12
132;280320;SE;Itaporanga d'Ajuda;2422840;UBS JOSE ANTERO GRAVATA;POVOADO GRAVATA - S/N;ZONA RURAL;-10.94983;-37.46801;4;6
143;280320;SE;Itaporanga d'Ajuda;2422832;UBS ADEMAR REIS SAPE;POVOADO SAPE - S/N;ZONA RURAL;-10.99673;-37.30782;28;21
211;280320;SE;Itaporanga d'Ajuda;2815877;UBS ANTONIO ARAUJO SANTOS SALVADORZINHO;POVOADO SALVADOR - S/N;ZONA RURAL;-10.98534;-37.34909;10;1
214;280320;SE;Itaporanga d'Ajuda;2422816;CLINICA DE SAUDE DA FAMILIA UMBERTO MANDARINO;AVENIDA EMIDIO MAXI NETO - S/N;CENTRO;-10.99627;-37.30696;4;3
215;280320;SE;Itaporanga d'Ajuda;2422867;POSTO DE SAUDE DO POVOADO TIJUPEBA;POVOADO COLONIA TIJUPEBA - S/N;ZONA RURAL;-11.08098;-37.28963;5;1
216;280320;SE;Itaporanga d'Ajuda;2815850;POSTO DE SAUDE DO POVOADO IPANEMA;POVOADO IPANEMA - S/N;ZONA RURAL;-10.9131;-37.34192;4;3
217;280320;SE;Itaporanga d'Ajuda;5070074;UBS RAIMUNDO ARAUJO SILVA RIO FUNDO;POVOADO RIO FUNDO CACHOEIRA - S/N;ZONA RURAL;-11.06099;-37.37666;25;13
218;280320;SE;Itaporanga d'Ajuda;2815869;POSTO DE SAUDE DO POVOADO RIO FUNDO DO ABAIS;POVOADO RIO FUNDO ABAIS - S/N;ZONA RURAL;-11.20579;-37.33976;6;5
220;280320;SE;Itaporanga d'Ajuda;2422786;POSTO DE SAUDE DO POVOADO MOITA FORMOSA;POVOADO MOITA FORMOSA - S/N;ZONA RURAL;-10.96298;-37.45333;8;1
221;280320;SE;Itaporanga d'Ajuda;2422794;POSTO DE SAUDE DO POVOADO TAPERA;POVOADO TAPERA - S/N;ZONA RURAL;-10.99673;-37.30782;14;1
222;280320;SE;Itaporanga d'Ajuda;2422859;UBS PREFEITO ANTONIO FRANCISCO SOBRAL GARCEZ CAUEIRA;POVOADO CAUEIRA - S/N;ZONA RURAL;-10.99673;-37.30782;27;1
224;280320;SE;Itaporanga d'Ajuda;2422808;POSTO DE SAUDE DO POVOADO RIO FUNDO;POVOADO RIO FUNDO - S/N;ZONA RURAL;-11.05044;-37.3857;27;42
225;280320;SE;Itaporanga d'Ajuda;5393078;POSTO DE SAUDE DR ALBERTO DE OLIVEIRA FREIRE IPANEMA;POVOADO MATA DO IPANEMA - S/N;ZONA RURAL;-10.99673;-37.30782;17;12
226;280320;SE;Itaporanga d'Ajuda;2422875;POSTO DE SAUDE DO POVOADO CAMPOS;POVOADO CAMPOS - S/N;ZONA RURAL;-10.968;-37.36201;10;1
436;280320;SE;Itaporanga d'Ajuda;6640044;POSTO DE SAUDE PREFEITO CESAR MANDARINO NOVA DESCOBERTA;POVOADO NOVA DESCOBERTA - S/N;ZONA RURAL;-11.06068;-37.29139;21;1
487;280320;SE;Itaporanga d'Ajuda;7158521;POSTO DE SAUDE PREFEITO CESAR MANDARINO II COLONIA DO SAPE;POVOADO COLONIA DO SAPE - S/N;ZONA RURAL;-10.998;-37.311;24;10
166;280330;SE;Japaratuba;2477467;POSTO DE SAUDE DE ENCRUZILHADA;POVOADO ENCRUZILHADA - S/N;RURAL;-10.48331;-36.88136;30;1
206;280330;SE;Japaratuba;2477440;CLINICA DR JOSE AUGUSTO CORREA SANTOS ZEDU;RODOVIA LUCIO PRADO - S/N;CENTRO;-10.59171;-36.94929;8;4
207;280330;SE;Japaratuba;2477408;POSTO DE SAUDE DE SAPUCAIA;POVOADO SAPUCAIA - S/N;RURAL;-10.60882;-36.90286;27;4
208;280330;SE;Japaratuba;2477475;POSTO DE SAUDE DE MUNDO NOVO;POVOADO MUNDO NOVO - S/N;RURAL;-10.46861;-36.89337;2;1
209;280330;SE;Japaratuba;2477505;UNIDADE DE SAUDE DA FAMILIA SAO JOSE DA CAATINGA;POVOAO SAO JOSE - S/N;ZONA RURAL;-10.65761;-36.90125;18;25
213;280330;SE;Japaratuba;2477459;UNIDADE DE SAUDE DA FAMILIA BADAJOS;POVOADO BADAJOS - S/N;RURAL;-10.56595;-36.81587;0;0
219;280330;SE;Japaratuba;2477416;UNIDADE DE SAUDE DA FAMILIA SIBALDE;POVOADO SIBALDE - S/N;RURAL;-10.52143;-36.89078;14;9
414;280330;SE;Japaratuba;2545780;UNIDADE DE SAUDE DA FAMILIA PATIOBA;POVOADO PATIOBA - S/N;RURAL;-10.61521;-36.98867;3;1
56;280340;SE;Japoatã;2477645;UNIDADE DE SAUDE DA FAMILIA OZEIAS ALVES DOS SANTOS;POVOADO POXIM - S/N;RURAL;-10.42636;-36.8468;20;38
92;280340;SE;Japoatã;2477637;CLINICA DE SAUDE DA FAMILIA DOURIVAL DIAS GUIMARAES;RUA DR JOAO AUGUSTO FALCAO - 972;CENTRO;-10.3465;-36.80075;14;9
115;280340;SE;Japoatã;3047628;UNIDADE DE SAUDE DA FAMILIA MANOEL CALDAS DE SIQUEIRA;POVOADO LADEIRAS - S/N;ZONA RURAL;-10.40671;-36.75915;1;1
149;280340;SE;Japoatã;2477653;UNIDADE DE SAUDE DA FAMILIA DE ESPINHEIRO;POV ESPINHEIRO RUA JOSE V BRANDAO - S/N;CENTRO;-10.3465;-36.80075;16;27
151;280340;SE;Japoatã;2745291;UNIDADE DE SAUDE DA FAMILIA JOSE RODRIGUES DOS SANTOS;POV PROJETO LADEIRINHAS A - S/N;RURAL;-10.42636;-36.8468;25;11
483;280340;SE;Japoatã;7076371;UNIDADE DE SAUDE DA FAMILIA USINA SANTANA;USINA SANTANA - S/N;ZONA RURAL;-10.347;-36.801;1;0
108;280350;SE;Lagarto;2420570;U B S GIVALDA DOS SANTOS ALMEIDA;POVOADO JENIPAPO ESTRADA DA TABOCA - 164;ZONA RURAL;-10.88492;-37.51142;5;10
126;280350;SE;Lagarto;2420538;C S JOSEFA BARBOSA DOS REIS ROMAO;AV MACHADO - S/N;ALDEMAR DE CARVALHO;-10.9153;-37.66635;20;10
128;280350;SE;Lagarto;2420554;U B S PADRE ALMEIDA;POVOADO COLONIA TREZE - 989;ZONA RURAL;-10.98505;-37.55034;22;42
129;280350;SE;Lagarto;2420775;JOSE ANTONIO DE MENEZES MEROBA;POVOADO CAMPO DO CRIOULO - 45;ZONA RURAL;-10.98205;-37.77041;19;22
157;280350;SE;Lagarto;2420511;C S RAIMUNDA REIS;POVOADO BRASILIA - S/N;ZONA RURAL;-10.9153;-37.66635;16;18
231;280350;SE;Lagarto;2420821;U B S ALCINO CORREIA DOS SANTOS;POVOADO OLHOS DAGUA TRAV DO CORREIO - S/N;ZONA RURAL;-10.9153;-37.66635;22;42
237;280350;SE;Lagarto;2420740;U B S MARGARIDA DO ESPIRITO SANTO;POVOADO ACUZINHO - S/N;ZONA RURAL;-10.94593;-37.55676;6;12
238;280350;SE;Lagarto;2420848;U B S PE DA SERRA;POVOADO PE DA SERRA - S/N;ZONA RURAL;-10.95276;-37.59103;2;2
239;280350;SE;Lagarto;2420546;U B S JOSE SERAFIM DOS SANTOS;POVOADO BREJO - S/N;ZONA RURAL;-10.9153;-37.66635;5;9
242;280350;SE;Lagarto;2680122;CLINICA DE SAUDE DA FAMILIA DR DAVI MARCOS DE LIMA;CONJ ALBANO FRANCO RUA JOSE MARIA DE ALMEIDA - S/N;LOIOLA;-10.93007;-37.67336;23;20
247;280350;SE;Lagarto;2420805;U B S JOSE BISPO DE SOUZA;CIDADE NOVA - S/N;CIDADE NOVA;-10.9153;-37.66635;2;2
258;280350;SE;Lagarto;2503794;U B S PEDRO FELIX DOS SANTOS;POVOADO PURURUCA - 01;ZONA RURAL;-10.8737;-37.7856;27;4
259;280350;SE;Lagarto;3048039;U B S JAILTON P DO N JAILTON DA MERCEARIA;R BIE DE P NASCIMENTO - S/N;ALTO DA BOA VISTA;-10.91282;-37.68583;17;9
325;280350;SE;Lagarto;2503808;CLINICA DE SAUDE DA FAMILIA JOSE ANTONIO MAROTO;BAIRRO EXPOSICAO - S/N;CENTRO;-10.9153;-37.66635;8;6
451;280350;SE;Lagarto;2420635;CENTRO HUMANIZADO DA MULHER E DA CRIANCA;RUA HIPOLITO SANTOS - 32;CENTRO;-10.91561;-37.67165;28;37
8;280360;SE;Laranjeiras;2421321;UNIDADE DE SAUDE DA FAMILIA JOSE ROSA FELIPE;RUA NOVA - 001;POV PEDRA BRANCA;-10.79702;-37.16056;27;16
62;280360;SE;Laranjeiras;2421372;UNIDADE DE SAUDE DA FAMILIA DR JOSE ARAGAO FIGUEIREDO;RODOVIA WALTER FRANCO - S/N;POVOADO PASTORA;-10.81284;-37.14333;12;22
72;280360;SE;Laranjeiras;2421348;UNIDADE DE SAUDE DA FAMILIA JOSE MUNIZ BARRETO;RUA SIQUEIRA DE MENEZES - S/N;CENTRO;-10.80212;-37.16732;5;1
80;280360;SE;Laranjeiras;2421313;UNIDADE DE SAUDE DA FAMILIA BOM JESUS;POVOADO BOM JESUS - S/N;POVOADO BOM JESUS;-10.76328;-37.16082;18;4
354;280360;SE;Laranjeiras;2421305;UNIDADE DE SAUDE DA FAMILIA VER JOSE AUGUSTO DOS SANTOS;POVOADO MUSSUCA - S/N;POVOADO MUSSUCA;-10.79702;-37.16056;28;11
369;280360;SE;Laranjeiras;2421364;POSTO DE SAUDE ALVARO ARAUJO SANTOS;RUA HEBERT PEREIRA - 001;VARZEA;-10.80574;-37.14514;14;17
434;280360;SE;Laranjeiras;6205240;CLINICA DE SAUDE DA FAMILIA DR FRANCISCO ALBERTO BRAGANCA;BAIRRO TRAMANDAI - S/N;CENTRO;-10.79702;-37.16056;0;0
438;280360;SE;Laranjeiras;3048160;UNIDADE DE SAUDE DA FAMILIA VER NICANOR SOUZA;RUA G - 001;COMANDAROBA;-10.80586;-37.17454;5;7
439;280360;SE;Laranjeiras;3335690;UNIDADE DE SAUDE DA FAMILIA ANTONIO MENEZES LEITE;ALAMEDA IEDA ROSA - 00;CENTRO;-10.80419;-37.16599;20;3
176;280370;SE;Macambira;2477335;UNIDADE DE SAUDE DA FAMILIA JOAO CALAZANS DE ALMEIDA;POVOADO LAGOA SECA - S/N;ZONA RURAL;-10.68793;-37.55043;27;5
188;280370;SE;Macambira;2477300;CLINICA DE SAUDE RAIMUNDA RIBEIRO DOS SANTOS DONA CACULA;RUA ROQUE BISPO DE MENEZES - S/N;CENTRO;-10.66593;-37.54031;1;0
232;280370;SE;Macambira;2477327;POSTO DE SAUDE DOUTOR PEDRO GARCIA MORENO FILHO;POVOADO TAUA - S/N;ZONA RURAL;-10.66376;-37.56562;4;8
233;280370;SE;Macambira;2477343;UNIDADE BASICA DE SAUDE SANTA DULCE DOS POBRES;ASSENTAMENTO ZUMBI DOS PALMARES - S/N;ZONA RURAL;-10.6138;-37.64587;29;50
240;280370;SE;Macambira;2477319;POSTO DE SAUDE EUSEBIO JOSE DE JESUS;POVOADO BARRO PRETO - S/N;ZONA RURAL;-10.68323;-37.53002;23;41
376;280380;SE;Malhada dos Bois;2423324;UBS MARIA LEONIDIA DOS SANTOS;RUA GOVERNADOR VALADARES - S/N;POV CRUZ DA DONZELA;-10.37496;-36.91695;12;21
391;280380;SE;Malhada dos Bois;2423332;CLINICA DE SAUDE DA FAMILIA MARIANA DIAS DOS SANTOS BARBOSA;RUA DO CLUBE - S/N;CENTRO;-10.34187;-36.91923;28;51
394;280380;SE;Malhada dos Bois;2423316;CENTRO DE SAUDE WALFRIDO FILHO;POVOADO FLUVIAO - S/N;CENTRO;-10.3481;-36.92308;3;2
405;280380;SE;Malhada dos Bois;2423324;UBS MARIA LEONIDIA DOS SANTOS;RUA GOVERNADOR VALADARES - S/N;POV CRUZ DA DONZELA;-10.37496;-36.91695;11;9
444;280380;SE;Malhada dos Bois;2423332;CLINICA DE SAUDE DA FAMILIA MARIANA DIAS DOS SANTOS BARBOSA;RUA DO CLUBE - S/N;CENTRO;-10.34187;-36.91923;28;47
31;280390;SE;Malhador;7714556;UNIDADE BASICA DE SAUDE JOAO LUIZ DOS SANTOS;POVOADO ANTAS - S/N;ZONA RURAL;-10.659;-37.30605;13;15
71;280390;SE;Malhador;7288174;UNIDADE BASICA DE SAUDE POVOADO SIEBRA;POVOADO SIEBRA - S/N;ZONA RURAL;-10.658;-37.305;3;6
199;280390;SE;Malhador;2422220;UNIDADE DE SAUDE DA FAMILIA PADRE ANTONIO RESENDE DE SOUZA;AVENIDA SENADOR WALTER FRANCO - 1040;CENTRO;-10.65725;-37.31068;7;0
349;280390;SE;Malhador;2422247;UNIDADE DE SAUDE DA FAMILIA FLORO ALVES DE ARAUJO;POVOADO ALECRIM - S/N;ZONA RURAL;-10.61652;-37.30467;8;15
371;280390;SE;Malhador;2422239;UNIDADE DE SAUDE DA FAMILIA POVOADO PALMEIRAS;POVOADO PALMEIRAS - S/N;ZONA RURAL;-10.71101;-37.31218;30;38
484;280390;SE;Malhador;7289316;UNIDADE BASICA DE SAUDE POVOADO TABUA;POVOADO TABUA - S/N;ZONA RURAL;-10.658;-37.305;12;20
306;280400;SE;Maruim;2546302;UNID BASICA DE SAUDE N SRA DA CONCEICAO;POV PAU FERRO - S/N;POV PAU FERRO;-10.73693;-37.08331;16;12
356;280400;SE;Maruim;2421763;UNID BASICA DE SAUDE JOEL ALMEIDA TELES;POVOADO OITEIROS - S/N;ZONA RURAL;-10.73693;-37.08331;17;13
454;280400;SE;Maruim;2546329;UNID BASICA DE SAUDE GENIVAL PEREIRA DOS SANTOS;RUA ALVARO GARCEZ - S/N;BOA HORA;-10.73511;-37.07645;4;6
460;280400;SE;Maruim;2745275;UNID BASICA DE SAUDE SANTO ANTONIO;RUA ALCEBIADES VIEIRA DANTAS - S/N;BOA HORA;-10.73511;-37.07645;26;20
63;280410;SE;Moita Bonita;2477254;UNIDADE DE SAUDE DA FAMILIA SERAPIAO A D GOIS SAUDE NA HORA;AV JOAO EVANGELISTA DA COSTA - S/N;CENTRO;-10.57692;-37.35021;5;4
158;280410;SE;Moita Bonita;2477211;UNIDADE DE SAUDE DA FAMILIA IDALICE LIMA SANTOS;POVOADO CAPUNGA - S/N;CENTRO;-10.58663;-37.30538;19;19
181;280410;SE;Moita Bonita;2477238;POSTO DE SAUDE DA FAMILIA CAMPO GRANDE;POVOADO CAMPO GRANDE - S/N;RURAL;-10.58952;-37.37864;26;13
192;280410;SE;Moita Bonita;2477254;UNIDADE DE SAUDE DA FAMILIA SERAPIAO A D GOIS SAUDE NA HORA;AV JOAO EVANGELISTA DA COSTA - S/N;CENTRO;-10.57692;-37.35021;20;13
364;280410;SE;Moita Bonita;2477203;UNIDADE DE SAUDE DA FAMILIA ANTONIO TELES BARRETO;RUA FIEL TELES BARRETO - S/N;POV CANDEIAS;-10.63046;-37.36338;5;6
423;280410;SE;Moita Bonita;3796728;POSTO DE SAUDE PEDRO JOSE DE OLIVEIRA;POV FIGUEIRAS - S/N;ZONA RURAL;-10.58038;-37.36495;3;2
431;280410;SE;Moita Bonita;3796779;POSTO DE SAUDE ANTONIO PAULO DE MENEZES;POV OITEIROS - S/N;ZONA RURAL;-10.61934;-37.34353;23;35
453;280410;SE;Moita Bonita;2477246;POSTO DE SAUDE MARIA SOUZA DE JESUS;POVOADO LAGOA SECA - S/N;RURAL;-10.57172;-37.34144;10;15
193;280420;SE;Monte Alegre de Sergipe;3059170;UBS OSMAILTON RODRIGUES FARIAS;POVOADO MARAVILHA MONTE ALEGRESE - S/N;ZONA RURAL;-10.02636;-37.55863;14;11
387;280420;SE;Monte Alegre de Sergipe;2420295;UBS DE SAUDE DA FAMILIA MIGUEL ARCAJO DA MOTA;POVOADO LAGOA DO ROCADO - S/N;ZONA RURAL;-10.07779;-37.46846;22;6
456;280420;SE;Monte Alegre de Sergipe;2420279;UBS CLINICA DA FAMILIA MARIETA SOUZA ANDRADE;PRACA DR FRANCISCO ROLLEMBERG - 200;CENTRO;-10.02636;-37.55863;28;3
137;280430;SE;Muribeca;2477262;CLINICA SAUDE DA FAMILIA MARILZA FRANCO;AVENIDA ALMIRANTE BARROSO - S/N;CENTRO;-10.42433;-36.9576;13;15
153;280430;SE;Muribeca;2477297;UNIDADE BASICA DE SAUDE VISGUEIRO;RUA MARIA OLIVEIRA VIEIRA - S/N;POV VISGUEIRO;-10.38246;-36.93742;8;4
171;280430;SE;Muribeca;6756859;UNIDADE BASICA DE SAUDE PEDRAS;RUA SENHORA SANTANA PEDRAS - S/N;POVOADO;-10.39225;-36.97189;21;16
173;280430;SE;Muribeca;2612305;UNIDADE BASICA DE SAUDE CAMARA;RUA SAO JOSE CAMARA - S/N;POVOADO;-10.42742;-36.957;29;32
175;280430;SE;Muribeca;2477270;UNIDADE BASICA DE SAUDE SACO DAS VARAS;RUA MANOEL ROSENDO - S/N;POV SACO DAS VARAS;-10.35872;-36.9638;9;5
177;280430;SE;Muribeca;6764622;UNIDADE BASICA DE SAUDE ARRODEADOR;AVENIDA N SENHORA APARECIDA CONCEICA ARRODEADOR - S/N;POVOADO;-10.31336;-37.01062;15;18
178;280430;SE;Muribeca;6764614;UNIDADE BASICA DE SAUDE PAU ALTO;RUA SAO JOSE PAU ALTO - S/N;POVOADO;-10.36285;-36.97495;5;6
32;280440;SE;Neópolis;2477920;E S F PINDOBA;RUA DO JASMIN - S/N;POVOADO PINDOBA;-10.31587;-36.57671;22;10
111;280440;SE;Neópolis;2680092;E S F CENTRO I;RUA DO BONFIM - 565;CENTRO;-10.32;-36.579;24;48
112;280440;SE;Neópolis;2420058;E S F BETUME;POVOADO BETUME - S/N;BETUME;-10.31587;-36.57671;11;6
139;280440;SE;Neópolis;5147948;E S F FLOR DO BREJO;FLOR DO BREJO - S/N;POVOADO FLOR DO BREJ;-10.38242;-36.63734;23;44
163;280440;SE;Neópolis;2477939;E S F MUSSUIPE;MUSSUIPE - S/N;MUSSUIPE;-10.26601;-36.74954;12;9
167;280440;SE;Neópolis;3845869;E S F CENTRO II;JOSE LEANDRO SOARES - 136;CENTRO;-10.32302;-36.57743;26;1
427;280440;SE;Neópolis;2658615;E S F PERIFERIA;RUA LUIZ GONZAGA MACHADO BARRETO - S/N;CENTRO;-10.32465;-36.57337;14;2
472;280440;SE;Neópolis;7231954;E S F COHAB III;CONJUNTO ALBANO FRANCO - S/N;CONJUNTO;-10.321;-36.59267;4;0
252;280445;SE;Nossa Senhora Aparecida;2421135;CLINICA DE SAUDE DA FAMILIA MARIA CLEIDILENE LIMA SANTOS;RUA WILSOM MENEZES - S/N;CENTRO;-10.39599;-37.44977;19;38
276;280445;SE;Nossa Senhora Aparecida;3012255;UNIDADE DE SAUDE DA FAMILIA;POVOADO CRUZ DAS GRACAS - S/N;POVOADO;-10.44342;-37.48803;23;20
473;280445;SE;Nossa Senhora Aparecida;3012247;POSTO DE SAUDE DO POV ITACOATIARA;POVOADO ITACOATIARA - S/N;ZONA RURAL;-10.443;-37.489;20;32
210;280450;SE;Nossa Senhora da Glória;2421119;CLINICA DE SAUDE DA FAMILIA MARIA DA CONCEICAO PARTEIRA;PRACA DO MERCADO - 31;CENTRO;-10.21814;-37.42121;18;19
86;280460;SE;Nossa Senhora das Dores;6024335;CENTRO DE SAUDE DR LAURO DE BRITTO PORTO;PISTA DE CAPELA - 5411;CAMPO VELHO;-10.48162;-37.18743;29;20
89;280460;SE;Nossa Senhora das Dores;2476878;CENTRO DE SAUDE DR MILTON CALUMBY TOURINHO;RUA MARECHAL CANDIDO RONDOM - 265;CENTRO;-10.49421;-37.19221;23;33
409;280460;SE;Nossa Senhora das Dores;2476886;UNIDADE DE SAUDE DA ELIZABETE ANDRADE;POVOADO GADO BRAVO NORTE - S/N;ZONA RURAL;-10.44173;-37.11913;18;9
428;280460;SE;Nossa Senhora das Dores;2658658;UNIDADE BASICA DE SAUDE JOSE ROLEMBERG LEITE;POVOADO SUCUPIRA - S/N;POVOADO;-10.49205;-37.19371;14;25
478;280460;SE;Nossa Senhora das Dores;7225628;CLINICA SAUDE DA FAMILIA MARIA ADALULA DA COSTA;AV PAULO VASCONCELOS - S/N;CENTRO;-10.492;-37.193;21;0
200;280470;SE;Nossa Senhora de Lourdes;2420201;CLINICA DE SAUDE DA FAMILIA MARIA GOMES DE ANDRADE;RUA 21 DE ABRIL - S/N;CAIXA DAGUA;-10.07861;-37.05047;24;36
202;280470;SE;Nossa Senhora de Lourdes;2420201;CLINICA DE SAUDE DA FAMILIA MARIA GOMES DE ANDRADE;RUA 21 DE ABRIL - S/N;CAIXA DAGUA;-10.07861;-37.05047;13;21
204;280470;SE;Nossa Senhora de Lourdes;2420228;CLINICA DE SAUDE DA FAMILIA TECLA CONCEICAO DA SILVEIRA;RUA ALTO DA BOA VISTA - 185;POVOADO ESCURIAL;-10.0259;-36.95933;24;34
26;280480;SE;Nossa Senhora do Socorro;2421682;US DR LAURO MAIA;RUA ALEXANDRE VASCONCELOS - S/N;POVOADO SOBRADO;-10.89811;-37.11735;24;41
37;280480;SE;Nossa Senhora do Socorro;2421755;US JOSE ALVES DOS SANTOS;AVENIDA MARIA MINITA - 601;TAICOCA DE DENTRO;-10.83189;-37.0722;10;5
50;280480;SE;Nossa Senhora do Socorro;2421674;US DR EDUARDO VITAL DE MELO;RUA J 1 - 90;JARDIM;-10.86968;-37.16583;18;24
66;280480;SE;Nossa Senhora do Socorro;2421623;USEX COMBATENTE 2 TEN WALTER JOSE DE OLIVEIRA SR MANINHO;RUA DR MANOEL DOS PASSOS - S/N;CENTRO;-10.85582;-37.12533;4;3
69;280480;SE;Nossa Senhora do Socorro;2497158;US HEITOR DIAS SOARES;AV A 28 - S/N;ALBANO FRANCO;-10.83333;-37.06366;5;4
84;280480;SE;Nossa Senhora do Socorro;2421690;US MUGIVAL MESSIAS DOS SANTOS;RUA A 5 - S/N;COMPLEXO TAICOCA;-10.84875;-37.12849;20;4
117;280480;SE;Nossa Senhora do Socorro;2421593;US VEREADOR GERVASIO REIS DE OLIVEIRA;AVENIDA A 3 - 42;MARCOS FREIRE I;-10.83889;-37.0675;6;2
138;280480;SE;Nossa Senhora do Socorro;2421720;US ALCIDES ALVES DOS SANTOS;RUA ESMERALDO DA SILVA SANTOS - S/N;POVOADO TABOCAS;-10.87238;-37.13576;26;51
285;280480;SE;Nossa Senhora do Socorro;3307697;US PARQUE NOSSA SENHORA DE FATIMA;RUA F - S/N;N SRA DE FATIMA;-10.855;-37.126;24;40
329;280480;SE;Nossa Senhora do Socorro;2421747;US MUCIANO CABRAL;RUA PRINCIPAL - 515;GUAJARA;-10.89896;-37.1561;1;0
331;280480;SE;Nossa Senhora do Socorro;2421739;US GILTON REZENDE;RUA 55 - S/N;PARQUE DOS FAROIS;-10.84875;-37.12849;27;13
333;280480;SE;Nossa Senhora do Socorro;2421704;US SANTA CECILIA;RUA ANTONIO ALVES PINTO - S/N;SANTA CECILIA;-10.89117;-37.12726;7;11
334;280480;SE;Nossa Senhora do Socorro;2421615;CLINICA DE SAUDE DA FAMILIA GABRIEL ALVES DA PAIXAO;AV AUXILIAR 2 - S/N;FERNANDO COLLOR;-10.84875;-37.12849;27;49
335;280480;SE;Nossa Senhora do Socorro;2421607;US JOSE DO PRADO FRANCO NETO;RUA JARDIM - S/N;ZONA RURAL;-10.87057;-37.16573;1;2
337;280480;SE;Nossa Senhora do Socorro;2421658;US JOSE DO PRADO BARRETO;RUA I - S/N;CONJUNTO PIABETA;-10.84151;-37.05986;11;17
338;280480;SE;Nossa Senhora do Socorro;3060101;CLINICA DE SAUDE DA FAMILIA AUGUSTO CESAR LEITE FRANCO;AV PERIMETRAL - S/N;M FREIRE II;-10.84875;-37.12849;17;25
339;280480;SE;Nossa Senhora do Socorro;2421666;US TANCREDO NEVES;AV L - S/N;JOAO ALVES FILHO;-10.8601;-37.08196;0;0
340;280480;SE;Nossa Senhora do Socorro;2421712;US WALDEMAR PINTO PEREIRA;ZONA RURAL - S/N;ZONA RURAL;-10.87791;-37.11709;27;9
341;280480;SE;Nossa Senhora do Socorro;2421585;US PREFEITO LUIZ PEREIRA DA SILVA;PRACA CANABRAVA - S/N;ZONA RURAL;-10.84109;-37.09471;29;48
342;280480;SE;Nossa Senhora do Socorro;3018938;US OTAVIANA MATOS;AV PRINCIPAL - S/N;MARCOS FREIRE III;-10.84875;-37.12849;16;22
343;280480;SE;Nossa Senhora do Socorro;3018954;US ANTONIO CARLOS LEITE FRANCO;RUA A - 01;SANTO INACIO;-10.84875;-37.12849;18;26
496;280480;SE;Nossa Senhora do Socorro;7527551;CLINICA DE SAUDE DA FAMILIA MARIA HELENA BARBOSA DE MELO;AVENIDA MOACIR OLIVEIRA - S/N;COMPLEXO TAICOCA;-10.85305;-37.12243;13;26
13;280490;SE;Pacatuba;7614195;UNIDADE BASICA DE SAUDE ANGELICO PINTO;POVOADO TIGRE - S/N;POVOADO TIGRE;-10.45203;-36.65085;0;0
38;280490;SE;Pacatuba;2546035;UNIDADE BASICA DE SAUDE MARIA JOSE DE FRANCA;POV PONTA DE AREIA - S/N;RURAL;-10.44989;-36.64798;20;8
159;280490;SE;Pacatuba;6181317;UNIDADE BASICA DE SAUDE BENITO DA SILVA;RUA ARNALDO GARCEZ - 402;CENTRO;-10.43244;-36.67459;10;1
191;280490;SE;Pacatuba;2546051;CSF MARIA DO CEU INACIO DA SILVA;RUA A CONJUNTO ALBANO FRANCO - S/N;CENTRO;-10.44989;-36.64798;13;16
198;280490;SE;Pacatuba;2546043;UBS LUIZ TEIXEIRA;POV SANTANA DOS FRADES - S/N;RURAL;-10.44989;-36.64798;23;41
279;280490;SE;Pacatuba;6181295;UNIDADE BASICA DE SAUDE DE FAZENDA NOVA;POVOADO FAZENDA NOVA - S/N;POVOADO FAZENDA NOVA;-10.44989;-36.64798;19;35
282;280490;SE;Pacatuba;3519805;UNIDADE BASICA DE SAUDE DE PONTA DOS MANGUES;PONTA DOS MANGUES - S/N;ZONA RURAL;-10.44989;-36.64798;17;2
1;280500;SE;Pedra Mole;2477564;UBS JOVITA MARIA DE ALMEIDA;POVOADO MANUINO - S/N;ZONA RURAL;-10.61736;-37.65027;10;17
20;280500;SE;Pedra Mole;2477556;USF JOSE MACHADO DE SOUZA;POVOADO TAPADO - S/N;ZONA RURAL;-10.59703;-37.7004;14;23
152;280500;SE;Pedra Mole;2477548;UBS MARIA JOSE SOARES FIGUEIROA;POVOADO GRAVATA - S/N;ZONA RURAL;-10.59191;-37.67447;4;7
223;280500;SE;Pedra Mole;2477572;CLINICA JOSE FONSECA DA CONCEICAO;PRACA DOS ESTUDANTES - 15;CENTRO;-10.61811;-37.68602;20;20
358;280510;SE;Pedrinhas;2423375;U S F DO POVOADO MUTUMBO;POVOADO MUTUMBO - S/N;ZONA RURAL;-11.1935;-37.68112;18;33
194;280520;SE;Pinhão;2546280;UNIDADE BASICA DONA CACULA;POV RAJAS - S/N;RURAL;-10.56808;-37.72284;29;19
379;280520;SE;Pinhão;2546272;CLINICA DA SAUDE DA FAMILIA JOSE MARCOS DE REZENDE;AV DEP EDUARDO MARQUES DE OLIVEIRA - S/N;CENTRO;-10.56668;-37.72211;26;34
133;280530;SE;Pirambu;2477157;UNIDADE DE ALAGAMAR;POV ALAGAMAR - S/N;CENTRO;-10.74105;-36.85974;8;5
187;280530;SE;Pirambu;2477149;EQUIPE BASICA DE SAUDE SAGRADO CORACAO DE JESUS;RUA GONCALO ROLLBERG - S/N;CENTRO;-10.74105;-36.85974;29;44
261;280530;SE;Pirambu;2477165;UNIDADE DE AGUILHADAS;POV AGUILHADAS - S/N;CENTRO;-10.74105;-36.85974;13;7
351;280540;SE;Poço Redondo;2420082;UNIDADE DE SAUDE DA FAMILIA ALTO BONITO;ASSENTAMENTO ALTO BONITO - S/N;ZONA RURAL;-9.72739;-37.75164;20;16
359;280540;SE;Poço Redondo;2420112;CLINICA DE SAUDE DA FAMILIA ERIONALDO CORREIA PEREIRA;SAIDA PARA BONSUCESSO - S/N;SAO JOSE;-9.80579;-37.68421;13;10
361;280540;SE;Poço Redondo;2420139;UNIDADE DA FAMILIA EDVANIA GOMES DOS SANTOS;POVOADO SANTA ROSA DO ERMIRIO - S/N;ZONA RURAL;-9.80579;-37.68421;26;6
375;280540;SE;Poço Redondo;2420090;USF POV SITIOS NOVOS MARIA VIRGINIA LEITE FRANCO;POVOADO SITIOS NOVOS - S/N;ZONA RURAL;-9.80579;-37.68421;10;16
396;280540;SE;Poço Redondo;2420104;UNIDADE SAUDE DA FAMILIA POV BONSUCESSO;POVOADO BONSUCESSO - S/N;ZONA RURAL;-9.74825;-37.52283;6;8
404;280540;SE;Poço Redondo;2420090;USF POV SITIOS NOVOS MARIA VIRGINIA LEITE FRANCO;POVOADO SITIOS NOVOS - S/N;ZONA RURAL;-9.80579;-37.68421;11;16
264;280550;SE;Poço Verde;2420414;USF DO POV AMARGOSA;POV AMARGOSA - S/N;AMARGOSA;-10.76606;-38.15459;14;3
284;280550;SE;Poço Verde;2420376;USF POV SAO JOSE;POV SAO JOSE - S/N;ZONA RURAL;-10.72556;-38.08208;8;4
368;280550;SE;Poço Verde;2420341;USF RIO REAL;RUA GABRIEL BENEVIDES DO ROSARIO - S/N;NACAO;-10.80483;-38.23557;18;17
388;280550;SE;Poço Verde;2420333;USF POV SACO DO CAMISA;POV SACO DO CAMISA - S/N;ZONA RURAL;-10.70759;-38.17665;17;15
447;280550;SE;Poço Verde;2420368;CLINICA DE SAUDE DA FAMILIA JOAO ANTONIO DE ABREU;RUA GABRIEL BENEVIDES DO ROSARIO - S/N;NACAO;-10.71128;-38.18498;4;2
474;280550;SE;Poço Verde;3510018;USF FAZENDINHA;RUA GABRIEL BENEVIDES DO ROSARIO - 372;NACAO;-10.71128;-38.18498;7;11
2;280560;SE;Porto da Folha;2422131;UNIDADE BASICA DE SAUDE ALADIM RODRIGUES DE SOUZA;POVOADO MOCAMBO - S/N;ZONA RURAL;-9.91632;-37.31851;25;21
34;280560;SE;Porto da Folha;2818957;UNIDADE DE SAUDE DA FAMILIA DR FRANCISCO DE ARAUJO DANTAS;POVOADO UMBUZEIRO DO MATUTO - S/N;ZONA RURAL;-9.84813;-37.52861;28;33
113;280560;SE;Porto da Folha;6467989;UNIDADE BASICA DE SAUDE ANTONIO LOUREIRO FEITOSA;LAGOA DO RANCHO - S/N;CENTRO;-9.98767;-37.42906;28;38
116;280560;SE;Porto da Folha;2422093;UNIDADE BASICA DE SAUDE JOSE RODRIGUES DORIA;POVOADO LAGOA DA VOLTA - S/N;ZONA RURAL;-9.89264;-37.35318;19;37
250;280560;SE;Porto da Folha;2422115;CLINICA DE SAUDE DA FAMILIA JOSE OLEGARIO DA CUNHA;POVOADO LAGOA REDONDA - S/N;ZONA RURAL;-9.91925;-37.27663;27;10
253;280560;SE;Porto da Folha;2422085;CLINICA DE SAUDE DA FAMILIA VEREADOR JONES JOSE DE SANTANA;RUA AUGUSTO CESAR LEITE - 141;CENTRO;-9.92128;-37.27598;3;4
76;280570;SE;Propriá;2422581;UNIDADE DE SAUDE DA FAMILIA DRA VIOLETA GUSMAO;RUA PORFIRIO DE BRITTO - S/N;ALTO DO ARACAJU;-10.2082;-36.84209;7;11
161;280570;SE;Propriá;2422573;UNIDADE DE SAUDE DA FAMILIA MANOEL VITORINO;POVOADO BOA ESPERANCA - S/N;ZONA RURAL;-10.25527;-36.78555;25;10
352;280570;SE;Propriá;2422522;UNIDADE DE SAUDE DA FAMILIA DRA VERA FEITOSA;RUA DOM JUVENCIO DE BRITTO - 001;REMANSO;-10.2082;-36.84209;15;24
355;280570;SE;Propriá;2422514;UNIDADE DE SAUDE DA FAMILIA DR CIRO TAVARES;PCA RODRIGUES DORIA - 68;FATIMA;-10.2082;-36.84209;27;11
440;280570;SE;Propriá;3619958;UNIDADE DE SAUDE DA FAMILIA JOSE RENATO VIEIRA BRANDAO;CONJ MARIA DO CARMO - S/N;MARIA DO CARMO;-10.22371;-36.84606;6;12
467;280570;SE;Propriá;6922600;CENTRO DE CONTROLE DE ZOONOSES PREFEITO PEDRO MEDEIRO;POV SAO VICENTE - S/N;ZONA RURAL;-10.23005;-36.83943;25;25
98;280580;SE;Riachão do Dantas;2420856;PS POVOADO LAGOA;POVOADO LAGOA - S/N;POVOADO LAGOA;-11.09437;-37.75747;5;8
107;280580;SE;Riachão do Dantas;2420856;PS POVOADO LAGOA;POVOADO LAGOA - S/N;POVOADO LAGOA;-11.09437;-37.75747;24;15
154;280580;SE;Riachão do Dantas;2420910;PS POVOADO BOMFIM;POVOADO BOMFIM - 00;POVOADO BOMFIM;-11.04001;-37.85607;22;12
164;280580;SE;Riachão do Dantas;2420864;US DA FAMILIA POVOADO CARNAIBA;POVOADO CARNAIBA - S/N;POVOADO CARNAIBA;-11.10724;-37.79054;18;20
165;280580;SE;Riachão do Dantas;2420902;US DA FAMILIA POVOADO TANQUE NOVO;POVOADO TANQUE NOVO - S/N;POVOADO TANQUE NOVO;-11.0664;-37.72934;16;27
229;280580;SE;Riachão do Dantas;2420880;PS POVOADO VOLTA;POVOADO VOLTA - S/N;POVOADO VOLTA;-11.12476;-37.66922;15;25
235;280580;SE;Riachão do Dantas;2420945;PS POVOADO FORRAS;POVOADO FORRAS - S/N;POVOADO FORRAS;-10.97345;-37.92175;22;23
326;280580;SE;Riachão do Dantas;5459907;POSTO DE SAUDE GERANA GOMES COSTA;POVOADO BARRO PRETO - S/N;POVOADO BARRO PRETO;-11.06562;-37.76839;13;24
330;280580;SE;Riachão do Dantas;2420872;US DA FAMILIA POVOADO PALMARES;POVOADO PALMARES - S/N;POVOADO PALMARES;-11.0664;-37.72934;16;2
332;280580;SE;Riachão do Dantas;2420929;US DA FAMILIA POVOADO VIVALDO;POVOADO VIVALDO - S/N;POVOADO VIVALDO;-11.14341;-37.67982;8;15
457;280580;SE;Riachão do Dantas;3566013;UNIDADE MISTA DE SAUDE D CACULA;AV DR LUIZ GARCIA - 500;CENTRO;-11.07436;-37.7251;12;15
470;280580;SE;Riachão do Dantas;7166796;CLINICA DE SAUDE DA FAMILIA OTAVIANO OLIVEIRA DE SOUZA;AVENIDA DR LUIZ GARCIA - 167;CENTRO;-11.07486;-37.72489;5;8
236;280590;SE;Riachuelo;2545802;UNIDADE DE SAUDE DA FAMILIA DR CLEOVANSOSTENES P DE AGUIAR;AV OSSIRES DE ABREU SILVEIRA - S/N;POVOADO ROQUE MENDES;-10.72368;-37.18187;1;1
246;280590;SE;Riachuelo;3732010;UNIDADE DE SAUDE DA FAMILIA DO POVOADO BELA VISTA;POVOADO BELA VISTA - 0100;POVOADO BELA VISTA;-10.74195;-37.27075;29;50
479;280590;SE;Riachuelo;7294921;CLINICA DE SAUDE DA FAMILIA ADOLFO FREIRE DE LIMA;RUA I - S/N;LOTEAMENTO TARSO GAR;-10.728;-37.187;21;39
44;280600;SE;Ribeirópolis;2421240;POSTO DE SAUDE GEVANDA DO NASCIMENTO;RIACHINHO - S/N;RURAL;-10.51334;-37.49775;14;1
65;280600;SE;Ribeirópolis;2497166;CLINICA DE SAUDE DR DIJAUME FRANCISCO DE LIMA;RUA ANTONIO MENDONCA - S/N;CENTRO;-10.53915;-37.4396;11;20
336;280600;SE;Ribeirópolis;2497204;CENTRO DE SAUDE IRMA ALICE DE JESUS FERNANDES;POVOADO SERRA DO MACHADO - S/N;RURAL;-10.55819;-37.37278;8;8
485;280600;SE;Ribeirópolis;7757204;POSTO DE SAUDE MAXIMINO TEIXEIRA;CONJUNTO MARIA IZABEL DO NASCIMENTO - S/N;CENTRO;-10.53652;-37.4382;10;5
486;280600;SE;Ribeirópolis;7757182;POSTO DE SAUDE EUSTAQUIO DE ANDRADE;CONJUNTO JOSE FRANCISCO DO NASCIMENTO - S/N;CENTRO;-10.53652;-37.4382;30;13
23;280610;SE;Rosário do Catete;3010864;UNIDADE DE SAUDE DA FAMILIA DR JOSE FERNANDES ARAUJO;AV HUMBERTO GOMES - 01;CENTRO;-10.70177;-37.0374;23;32
118;280610;SE;Rosário do Catete;2477068;POSTO DE SAUDE M ZENAIDE;POV SIRIRIZINHO - S/N;POV SIRIRIZINHO;-10.69458;-37.03132;18;33
170;280610;SE;Rosário do Catete;6992617;UNIDADE DE SAUDE DR ANTONIO FERNANDO MAYNARD;LARGO TAMANDARE - S/N;CENTRO;-10.69736;-37.01884;18;18
357;280610;SE;Rosário do Catete;2423189;CLINICA DE SAUDE DA FAMILIA GOV EDELZIO VIEIRA DE MELO;RUA ANTONIO DIAS PINA - S/N;CENTRO;-10.69458;-37.03132;4;0
468;280610;SE;Rosário do Catete;7174462;USB DR JOSE EDMAR MESQUITA DE ALMEIDA;RUA SANTA TEREZINHA - S/N;MUTIRAO;-10.696;-37.031;19;6
27;280620;SE;Salgado;2421801;U S F DO POV MOENDAS;POVOADO MOENDAS - S/N;POVOADO;-11.0328;-37.48241;19;35
48;280620;SE;Salgado;3337421;U S F DO POV QUEBRADAS IV;POVOADO QUEBRADAS IV - S/N;POVOADO;-11.01269;-37.45788;21;32
77;280620;SE;Salgado;2421895;U S F DO POV SAO BENTO;POVOADO SAO BENTO - S/N;POVOADO;-11.02211;-37.47775;2;0
82;280620;SE;Salgado;2545888;U S F DO POV AGUA FRIA;POVOADO - S/N;POVOADO;-11.02211;-37.47775;17;13
449;280620;SE;Salgado;2421860;U S F POV ABOBORA;POVOADO ABOBORA - S/N;POVOADO;-11.0328;-37.48241;9;16
491;280620;SE;Salgado;7513852;CLINICA DE SAUDE DA FAMILIA GOV MARCELO DEDA CHAGAS;AV GOVERNADOR JOAO ALVES FILHO - S/N;ESTACAO;-11.02599;-37.47175;19;26
54;280630;SE;Santa Luzia do Itanhy;2545853;UNID DE SAUDE DA F POV PICARREIRA;BR 101 CAMBUI - S/N;ZONA RURAL;-11.35331;-37.44984;25;24
61;280630;SE;Santa Luzia do Itanhy;2423421;UNID DE SAUDE DA F POV PRIAPU;POV PRIAPU - S/N;ZONA RURAL;-11.35331;-37.44984;3;6
91;280630;SE;Santa Luzia do Itanhy;2423405;UNID DE SAUDE DA F POV CRASTO;RUA DE ESTANCIA - S/N;ZONA RURAL;-11.35331;-37.44984;17;3
103;280630;SE;Santa Luzia do Itanhy;2423405;UNID DE SAUDE DA F POV CRASTO;RUA DE ESTANCIA - S/N;ZONA RURAL;-11.35331;-37.44984;19;18
185;280630;SE;Santa Luzia do Itanhy;2545837;UNIDADE DE SAUDE DA FAMILIA POV AREIA BRANCA;BR 101 - S/N;ZONA RURAL;-11.35331;-37.44984;11;0
196;280630;SE;Santa Luzia do Itanhy;2423391;UNID DE SAUDE DA F POV BOTEQUIM;POV BOTEQUIM - S/N;ZONA RURAL;-11.35331;-37.44984;18;2
30;280650;SE;Santa Rosa de Lima;2420481;AUREA LIMA AZEVEDO;POVOADO AREIAS - S/N;CENTRO;-10.60055;-37.2759;29;58
124;280650;SE;Santa Rosa de Lima;2612410;POSTO DE SAUDE ZEFERINO FARO DE AZEVEDO;POVOADO LAGOA DO CARAO - S/N;CENTRO;-10.61184;-37.26;29;4
234;280650;SE;Santa Rosa de Lima;2420465;UNIDADE DE SAUDE DA FAMILIA MARIA LUCIA FONTES;PRACA JACKSON BARRETO - S/N;CENTRO;-10.64623;-37.19773;23;20
241;280650;SE;Santa Rosa de Lima;5151902;UNIDADE DE SAUDE DA FAMILIA JOSE JOAQUIM FILHO;JOSEBARRETO - S/N;CENTRO;-10.61968;-37.24109;25;1
197;280640;SE;Santana do São Francisco;2477351;UNIDADE DE SAUDE SANTANA DO SAO FRANCISCO;RUA DO SESP - 054;CENTRO;-10.29736;-36.61767;15;21
278;280660;SE;Santo Amaro das Brotas;2423448;USF DE FLEXEIRAS;POVOADO FLEXEIRAS - S/N;ZONA RURAL;-10.71269;-36.9082;26;45
280;280660;SE;Santo Amaro das Brotas;2423456;USF DE SANTO AMARO;RUA IRMA ELVIRA DELVECCHIO - 773;CENTRO;-10.78532;-37.0483;25;10
489;280660;SE;Santo Amaro das Brotas;7301197;POSTO DE SAUDE24 HORAS IRMA IVONE;RUA IRMA ELVIRA DELVECCHIO - S/N;CENTRO;-10.789;-37.054;0;0
49;280670;SE;São Cristóvão;2423219;UBS MASOUD JALALI;RUA HORACIO DE SOUZA LIMA - S/N;ROSA ELZE;-10.92211;-37.10681;4;4
60;280670;SE;São Cristóvão;2612356;UBS DR JOSE RAIMUNDO ARAGAO;AV HORACIO SOUZA LIMA - S/N;ALTO DA DIVINEIA;-11.00233;-37.21363;6;7
74;280670;SE;São Cristóvão;2423251;UBS MARIA LUIZA DOS SANTOS NASCIMENTO;POVOADO CABRITA - S/N;POVOADO CABRTITA;-10.96109;-37.13027;15;17
93;280670;SE;São Cristóvão;2423294;UBS TANIA SANTOS CHAGAS;RUA DO CORTE - S/N;COLONIA MIRANDA;-11.00901;-37.23906;2;4
96;280670;SE;São Cristóvão;2423286;UBS MANOEL JUVINO SANTOS CARDOSO;POVOADO CARDOSO - S/N;CARDOSO;-10.88459;-37.20811;9;14
105;280670;SE;São Cristóvão;2423286;UBS MANOEL JUVINO SANTOS CARDOSO;POVOADO CARDOSO - S/N;CARDOSO;-10.88459;-37.20811;19;4
109;280670;SE;São Cristóvão;2423294;UBS TANIA SANTOS CHAGAS;RUA DO CORTE - S/N;COLONIA MIRANDA;-11.00901;-37.23906;13;22
134;280670;SE;São Cristóvão;2423278;UBS ALICE FREIRE PEDREIRAS;POVOADO PEDREIRAS - S/N;PEDREIRAS;-11.06445;-37.19414;7;11
136;280670;SE;São Cristóvão;2423227;UBS JAIRO TEIXEIRA DE JESUS;AVENIDA FELIX PEREIRA - S/N;CENTRO;-11.00797;-37.20895;5;8
156;280670;SE;São Cristóvão;2423200;UBS MARIA JOSE SOARES FIGUEIROA;AV MARGINAL SN - S/N;ROSA ELZE;-10.92989;-37.11872;19;30
249;280670;SE;São Cristóvão;3519740;UBS ANTONIO FLORENCIO DE MATOS;RUA SAO LOURENCO - 236;ROSA ELZE;-10.93577;-37.13258;21;37
272;280670;SE;São Cristóvão;6361420;UBS LUIZ ALVES;RUA B - 188;ROSA ELZE;-10.94267;-37.12546;9;12
273;280670;SE;São Cristóvão;6361374;UBS MARIA DE LOURDES RAMOS DOS SANTOS;POVOADO PARQUE SANTA RITA - S/N;PARQUE SANTA RITA;-10.96008;-37.23064;7;12
433;280670;SE;São Cristóvão;5459648;UBS MARIANO DO NASCIMENTO;RUA ALAN SILVA - 0195;ROSA MARIA;-10.92931;-37.11055;22;20
481;280670;SE;São Cristóvão;6966721;UBS SINVAL JOSE DE OLIVEIRA;RUA U - 47;COLINA;-11.01345;-37.22237;4;2
6;280680;SE;São Domingos;4021053;CENTRO DE ENDEMIAS;RODOVIA JOAO PAULO SEGUNDO - S/N;CENTRO;-10.79232;-37.56842;1;2
180;280680;SE;São Domingos;4021037;UNIDADE DE SAUDE MARIA MADALENA DE JESUS;POVOADO MANGABEIRA - S/N;AREA RURAL;-10.79232;-37.56842;11;5
492;280680;SE;São Domingos;7503180;CLINICA DE SAUDE DA FAMILIA GOVERNADOR MARCELO DEDA CHAGAS;AVENIDA PEDRO ALVES DA SILVA - S/N;CENTRO;-10.78825;-37.56734;7;0
372;280700;SE;São Miguel do Aleixo;2420198;CLINICA DE SAUDE DA FAMILIA MARIA ROSA DE JESUS SANTOS;POVOADO LAGOA DOS TAMBURIS - 03;CENTRO;-10.38777;-37.38397;24;26
393;280700;SE;São Miguel do Aleixo;2420171;CLINICA DE SAUDE DA FAMILIA MARIA FRANCISCA FERREIRA;AVENIDA 26 DE NOVEMBRO - 0064;CENTRO;-10.38777;-37.38397;21;1
401;280700;SE;São Miguel do Aleixo;2420198;CLINICA DE SAUDE DA FAMILIA MARIA ROSA DE JESUS SANTOS;POVOADO LAGOA DOS TAMBURIS - 03;CENTRO;-10.38777;-37.38397;9;10
498;280700;SE;São Miguel do Aleixo;2420171;CLINICA DE SAUDE DA FAMILIA MARIA FRANCISCA FERREIRA;AVENIDA 26 DE NOVEMBRO - 0064;CENTRO;-10.38777;-37.38397;5;6
319;280710;SE;Simão Dias;2422417;PS POVOADO CARAIBAS DE BAIXO;POVOADO CARAIBAS DE BAIXO - S/N;POVOADO;-10.71975;-37.76758;8;11
370;280710;SE;Simão Dias;2422476;PS POVOADO LAGOA SECA;POVOADO LAGOA SECA - S/N;POVOADO;-10.7948;-37.73619;5;4
378;280710;SE;Simão Dias;2422433;UNIDADE DE SAUDE DA FAMILIA DO POVOADO BRINQUINHO;POVOADO BRINQUINHO - S/N;POVOADO;-10.73958;-37.88757;11;17
392;280710;SE;Simão Dias;2422263;CLINICA DE SAUDE DA FAMILIA EUNICE BARBOSA DE OLIVEIRA;RUA DR MANOEL SALUSTINO NETO - S/N;CENTRO;-10.73707;-37.81086;4;7
398;280710;SE;Simão Dias;2422468;UNIDADE DE SAUDE DA FAMILIA RAIMUNDO JOSE DE ARAUJO;POVOADO TRIUNFO - S/N;POVOADO;-10.73806;-37.80943;14;22
399;280710;SE;Simão Dias;2422298;PS POVOADO MATA DO PERU;POVOADO MATA DO PERU - S/N;POVOADO;-10.77186;-37.83669;10;17
400;280710;SE;Simão Dias;2422336;UNIDADE DE SAUDE DA FAMILIA DO POVOADO SALOUBRA;POVOADO SALOBRA - S/N;CENTRO;-10.73806;-37.80943;2;3
407;280710;SE;Simão Dias;2422433;UNIDADE DE SAUDE DA FAMILIA DO POVOADO BRINQUINHO;POVOADO BRINQUINHO - S/N;POVOADO;-10.73958;-37.88757;16;2
413;280710;SE;Simão Dias;2546108;UNIDADE DE SAUDE DA FAMILIA ASSENTADOS E QUILOMBOLAS;POVOADO SITIO ALTO COMUNIDADE QUILOMBOLA - S/N;ZONA RURAL;-10.73227;-37.81446;6;10
445;280710;SE;Simão Dias;2422263;CLINICA DE SAUDE DA FAMILIA EUNICE BARBOSA DE OLIVEIRA;RUA DR MANOEL SALUSTINO NETO - S/N;CENTRO;-10.73707;-37.81086;18;5
446;280710;SE;Simão Dias;2422328;UNIDADE DE SAUDE DA FAMILIA DO POVOADO CURRAL DOS BOIS;POVOADO CURRAL DOS BOIS - S/N;POVOADO;-10.73227;-37.81446;4;0
458;280710;SE;Simão Dias;2422387;UNIDADE DE SAUDE DA FAMILIA DO POVOADO PASTINHO;POVOADO PASTINHO - S/N;POVOADO;-10.73227;-37.81446;1;0
493;280710;SE;Simão Dias;7570880;CENTRO MUNICIPAL DE FISIOTERAPIA;RUA JOAO PINTO - 474;CENTRO;-10.73638;-37.80678;8;9
75;280720;SE;Siriri;2422204;UNIDADE DE SAUDE DA FAMILIA DO POV LAGOA GRANDE;POVOADO LAGOA GRANDE - S/N;POVOADO;-10.60503;-37.11222;8;7
251;280720;SE;Siriri;2422174;CLINICA DE SAUDE DA FAMILIA SAGRADA FAMILIA;RUA DA PAZ - S/N;CENTRO;-10.60503;-37.11222;7;4
248;280730;SE;Telha;2422980;POSTO DE SAUDE POVOADO SAO PEDRO;POVOADO SAO PEDRO - S/N;ZONA RURAL;-10.18943;-36.86799;13;4
260;280730;SE;Telha;2422964;CENTRO DE SAUDE DA FAMILIA DE TELHA;RUA ANTONIO MOTA - 90;CENTRO;-10.20917;-36.88385;13;19
275;280730;SE;Telha;2422972;POSTO DE SAUDE JOSE ABENUNES;POVOADO BELA VISTA - S/N;ZONA RURAL;-10.2184;-36.8826;5;7
448;280730;SE;Telha;2422999;POSTO DE SAUDE FRANCISCO GOMES DA MOTA;RUA ANTONIO MOTA - 90;CENTRO;-10.208;-36.884;11;22
12;280740;SE;Tobias Barreto;2422026;12 UNIDADE BASICA DE SAUDE RAIMUNDO SERAFIM DE MENEZES;POVOADO JABEBERI - S/N;ZONA RURAL;-11.07166;-37.9534;12;20
53;280740;SE;Tobias Barreto;2422042;14 UNIDADE BASICA DE SAUDE LAURA MARIA DE JESUS;POVOADO SAMAMBAIA - S/N;ZONA RURAL;-11.18432;-37.999;26;26
73;280740;SE;Tobias Barreto;2422042;14 UNIDADE BASICA DE SAUDE LAURA MARIA DE JESUS;POVOADO SAMAMBAIA - S/N;ZONA RURAL;-11.18432;-37.999;28;1
121;280740;SE;Tobias Barreto;2421992;10 UNIDADE BASICA DE SAUDE JOSELITA OLINDA DOS SANTOS;POVOADO MONTE COELHOS - S/N;ZONA RURAL;-10.98284;-38.16367;21;29
228;280740;SE;Tobias Barreto;2421984;11 UNIDADE BASICA DE SAUDE JOSE ALBINO DOS SANTOS;POVOADO CAMPESTRE DO ABREU - S/N;ZONA RURAL;-11.0469;-38.03792;6;7
230;280740;SE;Tobias Barreto;3541444;CLINICA DE SAUDE DA FAMILIA DRA ZILDA ARNS;RUA FILOMENO GERALDO DOS SANTOS - 159;PINHEIRO;-11.18142;-38.00789;6;6
244;280740;SE;Tobias Barreto;2422050;CENTRO MUNICIPAL DE ESPECIALIDADES MEDICAS;RUA JULIA MARIA DA SOLEDADE - 399;CENTRO;-11.18083;-38.00314;15;2
245;280740;SE;Tobias Barreto;2422018;13 UNIDADE BASICA DE SAUDE JOSEFA CATARINA DA SOLIDADE;POVOADO SAQUINHO - S/N;ZONA RURAL;-11.18432;-37.999;9;4
455;280740;SE;Tobias Barreto;2422069;UNIDADE DE SAUDE DA FAMILIA JOAO DE SOUZA ANDRADE;RUA ITABAIANINHA - S/N;CENTRO;-11.17348;-38.01392;29;18
465;280740;SE;Tobias Barreto;3605787;15 UNIDADE BASICA DE SAUDE JOSAFA DIAS DA COSTA;POVOADO CURTUME - S/N;ZONA RURAL;-11.17348;-38.01392;7;6
490;280740;SE;Tobias Barreto;7685467;UNIDADE BASICA DE SAUDE JOSE RAMOS;RUA JULIA MARIA DA SOLEDADA - 209;CENTRO;-11.18367;-37.99248;13;26
22;280750;SE;Tomar do Geru;3997049;UNIDADE BASICA DE SAUDE CHICO CONRADO;POVOADO TABULEIRO - S/N;ZONA RURAL;-11.36847;-37.80208;3;2
39;280750;SE;Tomar do Geru;2420457;UNIDADE BASICA DE SAUDE JOAO VELAMES DE OLIVEIRA;POV CAMPO GRANDE - S/N;POV CAMPO GRANDE;-11.36805;-37.84537;2;1
147;280750;SE;Tomar do Geru;2420422;UNIDADE BASICA DE SAUDE PEDRO GOIS;POVOADO LOPES - S/N;ZONA RURAL;-11.36805;-37.84537;1;1
464;280750;SE;Tomar do Geru;2420449;CLINICA SAUDE DA FAMILIA MARCELO SOARES DA FONSECA;RUA NOVA ESPERENCA - S/N;CENTRO;-11.37172;-37.83905;21;2
42;280760;SE;Umbaúba;2421429;CLINICA DE SAUDE DA FAMILIA PEDRO ARAUJO DE FARIAS;POVOADO PAU AMARELO - S/N;ZONA RURAL;-11.39169;-37.63122;24;6
353;280760;SE;Umbaúba;2421410;CLINICA DE SAUDE DA FAMILIA CLEMILDO AMANCIO DOS SANTOS;POVOADO MATINHA - S/N;ZONA RURAL;-11.35173;-37.67501;13;1
377;280760;SE;Umbaúba;2421402;CLINICA DE S DA FAMILIA DR ERNESTO CHE GUEVARA LYNCH;RUA BENJAMIN CONSTANT - 442;CENTRO;-11.37603;-37.6531;24;20
406;280760;SE;Umbaúba;2421402;CLINICA DE S DA FAMILIA DR ERNESTO CHE GUEVARA LYNCH;RUA BENJAMIN CONSTANT - 442;CENTRO;-11.37603;-37.6531;4;6
